timestamp,gold_usd_oz,silver_usd_oz,platinum_usd_oz,palladium_usd_oz,copper_usd_lb,brent_oil_usd_bbl,wti_oil_usd_bbl
2026-02-02T00:00:00Z,4764.7,81.68,2072.0,1663.0,5.77,67.37,63.27
2026-02-02T01:00:00Z,4790.6,85.78,2105.2,1672.5,5.86,67.84,63.7
2026-02-02T02:00:00Z,4764.8,85.0,2086.5,1659.5,5.82,67.09,63.03
2026-02-02T03:00:00Z,4733.3,80.68,2070.0,1633.0,5.76,66.44,62.44
2026-02-02T04:00:00Z,4665.6,76.7,2024.8,1622.0,5.67,66.33,62.29
2026-02-02T05:00:00Z,4701.4,79.13,2058.5,1615.0,5.73,66.3,62.2
2026-02-02T06:00:00Z,4571.5,76.22,1950.0,1587.5,5.64,65.65,61.6
2026-02-02T07:00:00Z,4526.2,74.12,1922.9,1571.0,5.61,65.7,61.67
2026-02-02T08:00:00Z,4609.5,76.21,1967.9,1601.0,5.72,65.98,61.91
2026-02-02T09:00:00Z,4662.1,78.74,2030.5,1644.0,5.77,65.76,61.66
2026-02-02T10:00:00Z,4743.1,81.89,2066.0,1661.5,5.8,66.26,62.11
2026-02-02T11:00:00Z,4727.3,81.72,2051.5,1681.0,5.81,66.07,61.91
2026-02-02T12:00:00Z,4790.3,82.75,2079.5,1688.0,5.8,65.97,61.86
2026-02-02T13:00:00Z,4816.1,83.75,2135.0,1749.5,5.86,66.22,62.12
2026-02-02T14:00:00Z,4729.0,81.63,2136.5,1751.0,5.81,66.17,62.11
2026-02-02T15:00:00Z,4744.0,78.7,2114.1,1711.5,5.8,66.06,62.06
2026-02-02T16:00:00Z,4641.7,75.79,2089.6,1658.0,5.8,66.01,61.95
2026-02-02T17:00:00Z,4687.5,78.44,2122.0,1692.0,5.83,66.16,61.97
2026-02-02T18:00:00Z,4696.0,79.23,2116.0,1705.5,5.82,65.98,61.77
2026-02-02T19:00:00Z,4679.5,78.88,2128.2,1692.0,5.81,65.97,61.73
2026-02-02T20:00:00Z,4707.4,81.14,2149.8,1744.5,5.83,66.26,62.05
2026-02-02T21:00:00Z,4676.3,79.86,2138.7,1713.5,5.83,66.4,62.25
2026-02-02T22:00:00Z,4680.9,79.26,2118.7,1724.0,5.83,66.46,62.33
2026-02-03T00:00:00Z,4798.5,82.86,2166.4,1764.0,5.89,66.0,61.94
2026-02-03T01:00:00Z,4802.7,81.71,2163.4,1735.0,5.87,66.12,61.98
2026-02-03T02:00:00Z,4862.7,84.44,2203.8,1765.0,5.94,66.46,62.35
2026-02-03T03:00:00Z,4806.2,81.63,2135.2,1719.0,5.86,65.81,61.76
2026-02-03T04:00:00Z,4831.6,83.29,2160.5,1753.0,5.91,66.03,61.93
2026-02-03T05:00:00Z,4832.6,83.2,2142.9,1753.5,5.9,66.0,61.92
2026-02-03T06:00:00Z,4846.3,83.03,2159.8,1749.0,5.92,65.99,61.87
2026-02-03T07:00:00Z,4903.0,84.75,2201.9,1790.5,6.04,65.95,61.84
2026-02-03T08:00:00Z,4940.0,86.56,2214.6,1808.0,6.05,65.99,61.91
2026-02-03T09:00:00Z,4935.8,87.17,2229.5,1802.5,6.04,65.69,61.62
2026-02-03T10:00:00Z,4939.8,86.58,2230.8,1810.0,6.02,65.82,61.73
2026-02-03T11:00:00Z,4924.8,86.17,2208.6,1799.0,6.02,66.31,62.22
2026-02-03T12:00:00Z,4938.9,86.21,2226.8,1808.0,6.02,66.46,62.35
2026-02-03T13:00:00Z,4938.2,86.94,2230.5,1813.0,6.07,66.61,62.56
2026-02-03T14:00:00Z,4958.0,88.0,2246.5,1816.5,6.06,66.68,62.6
2026-02-03T15:00:00Z,4939.2,88.05,2239.0,1812.5,6.06,66.78,62.74
2026-02-03T16:00:00Z,4957.7,88.36,2252.2,1806.0,6.06,66.79,62.74
2026-02-03T17:00:00Z,4978.2,86.82,2233.7,1786.5,6.07,66.74,62.67
2026-02-03T18:00:00Z,4951.5,83.63,2191.0,1750.5,6.09,67.25,63.14
2026-02-03T19:00:00Z,4930.5,83.93,2190.8,1741.0,6.04,67.21,63.09
2026-02-03T20:00:00Z,4949.3,84.43,2203.5,1747.0,6.07,67.57,63.48
2026-02-03T21:00:00Z,4967.5,84.72,2222.9,1753.5,6.09,68.17,64.08
2026-02-03T22:00:00Z,4970.5,84.92,2212.5,1745.0,6.09,68.01,63.9
2026-02-04T00:00:00Z,4968.7,84.29,2211.0,1742.0,6.08,67.88,63.76
2026-02-04T01:00:00Z,5038.1,85.43,2251.7,1773.0,6.1,67.87,63.76
2026-02-04T02:00:00Z,5067.2,87.18,2258.7,1798.5,6.08,68.08,64.05
2026-02-04T03:00:00Z,5061.6,86.75,2247.0,1776.0,6.03,67.73,63.66
2026-02-04T04:00:00Z,5090.3,87.45,2267.8,1784.5,6.05,67.89,63.84
2026-02-04T05:00:00Z,5100.2,87.98,2279.8,1793.0,6.04,67.93,63.84
2026-02-04T06:00:00Z,5098.3,87.51,2277.2,1786.5,6.04,67.82,63.75
2026-02-04T07:00:00Z,5096.6,89.39,2305.6,1802.5,6.08,67.76,63.73
2026-02-04T08:00:00Z,5106.8,90.04,2315.3,1815.5,6.09,67.34,63.36
2026-02-04T09:00:00Z,5106.5,90.0,2315.7,1809.5,6.08,67.21,63.17
2026-02-04T10:00:00Z,5082.3,89.04,2278.7,1834.0,6.03,67.76,63.74
2026-02-04T11:00:00Z,5072.2,90.03,2288.2,1844.0,6.05,67.59,63.53
2026-02-04T12:00:00Z,5071.3,90.31,2288.0,1835.5,6.05,67.33,63.31
2026-02-04T13:00:00Z,5064.6,89.47,2276.6,1829.5,6.01,67.47,63.4
2026-02-04T14:00:00Z,5077.0,91.42,2290.5,1842.0,6.03,67.04,62.89
2026-02-04T15:00:00Z,5008.4,89.5,2268.9,1821.0,5.95,67.5,63.27
2026-02-04T16:00:00Z,4943.1,86.63,2223.3,1769.0,5.9,67.55,63.31
2026-02-04T17:00:00Z,4926.9,85.0,2223.0,1757.0,5.91,67.8,63.54
2026-02-04T18:00:00Z,4921.3,84.5,2173.7,1738.0,5.85,69.35,65.13
2026-02-04T19:00:00Z,4949.7,85.62,2195.4,1756.0,5.87,69.29,65.06
2026-02-04T20:00:00Z,4963.5,86.71,2212.3,1772.0,5.89,68.48,64.23
2026-02-04T21:00:00Z,4961.6,87.1,2208.7,1768.5,5.89,68.55,64.31
2026-02-04T22:00:00Z,4986.4,87.76,2225.2,1767.0,5.93,68.73,64.47
2026-02-05T00:00:00Z,5033.4,89.03,2248.0,1776.5,5.94,68.74,64.42
2026-02-05T01:00:00Z,5028.1,89.04,2257.9,1776.0,5.93,68.64,64.39
2026-02-05T02:00:00Z,4978.3,86.14,2200.1,1744.5,5.87,68.33,64.08
2026-02-05T03:00:00Z,4831.0,74.31,2032.3,1674.5,5.8,67.9,63.69
2026-02-05T04:00:00Z,4898.5,77.0,2044.9,1691.0,5.8,68.06,63.84
2026-02-05T05:00:00Z,4888.5,76.32,2053.1,1706.5,5.79,68.03,63.79
2026-02-05T06:00:00Z,4911.8,77.11,2050.7,1695.5,5.82,67.96,63.7
2026-02-05T07:00:00Z,4938.8,78.1,2079.8,1722.5,5.82,68.1,63.86
2026-02-05T08:00:00Z,4934.3,79.57,2108.3,1717.0,5.86,68.29,64.03
2026-02-05T09:00:00Z,4934.0,79.36,2096.6,1725.0,5.83,68.38,64.12
2026-02-05T10:00:00Z,4876.9,78.22,2101.4,1722.5,5.84,68.5,64.19
2026-02-05T11:00:00Z,4897.9,78.15,2093.7,1709.5,5.84,68.43,64.15
2026-02-05T12:00:00Z,4889.1,77.92,2083.9,1717.0,5.85,68.82,64.55
2026-02-05T13:00:00Z,4876.2,75.43,2023.1,1688.5,5.78,68.1,63.82
2026-02-05T14:00:00Z,4858.2,75.42,2036.8,1706.0,5.8,67.64,63.35
2026-02-05T15:00:00Z,4867.8,75.64,2044.6,1701.5,5.81,67.78,63.56
2026-02-05T16:00:00Z,4838.6,73.4,2013.9,1670.0,5.77,67.25,63.02
2026-02-05T17:00:00Z,4912.0,76.4,2071.0,1696.0,5.82,67.8,63.58
2026-02-05T18:00:00Z,4891.5,75.93,2063.3,1700.0,5.82,67.82,63.6
2026-02-05T19:00:00Z,4880.4,75.58,2040.3,1676.5,5.79,67.62,63.38
2026-02-05T20:00:00Z,4852.5,74.12,2018.3,1670.0,5.78,67.46,63.19
2026-02-05T21:00:00Z,4833.6,73.13,1992.1,1655.5,5.75,67.55,63.28
2026-02-05T22:00:00Z,4798.1,70.35,1971.0,1641.0,5.72,67.38,63.12
2026-02-06T00:00:00Z,4722.0,66.88,1901.3,1591.5,5.68,67.11,62.82
2026-02-06T01:00:00Z,4779.9,69.92,1922.0,1629.0,5.7,67.18,62.9
2026-02-06T02:00:00Z,4792.1,70.71,1877.8,1621.0,5.72,67.29,63.04
2026-02-06T03:00:00Z,4833.5,71.64,1900.2,1627.0,5.77,67.61,63.35
2026-02-06T04:00:00Z,4841.1,72.72,1939.4,1637.0,5.76,67.86,63.61
2026-02-06T05:00:00Z,4831.9,72.17,1950.9,1634.0,5.73,67.87,63.63
2026-02-06T06:00:00Z,4915.3,74.69,2002.1,1662.0,5.79,68.32,64.09
2026-02-06T07:00:00Z,4865.6,72.19,1951.3,1624.0,5.76,68.33,64.09
2026-02-06T08:00:00Z,4862.3,71.86,1957.4,1615.5,5.75,68.41,64.18
2026-02-06T09:00:00Z,4884.8,73.3,1993.9,1638.5,5.77,68.3,64.08
2026-02-06T10:00:00Z,4889.5,73.72,1991.3,1647.0,5.79,68.44,64.19
2026-02-06T11:00:00Z,4899.9,73.9,1990.1,1661.0,5.79,67.67,63.4
2026-02-06T12:00:00Z,4909.1,74.33,2017.2,1680.0,5.83,67.54,63.22
2026-02-06T13:00:00Z,4921.7,74.61,2009.1,1686.0,5.81,67.33,63.02
2026-02-06T14:00:00Z,4951.0,75.21,2044.7,1694.5,5.81,66.73,62.39
2026-02-06T15:00:00Z,4972.5,76.05,2070.6,1711.5,5.86,67.81,63.53
2026-02-06T16:00:00Z,4967.6,75.49,2066.1,1718.0,5.85,68.37,64.03
2026-02-06T17:00:00Z,4975.3,76.18,2082.2,1735.0,5.86,68.5,64.16
2026-02-06T18:00:00Z,4984.3,77.21,2104.5,1742.0,5.88,68.74,64.29
2026-02-06T19:00:00Z,4986.3,76.99,2097.4,1732.0,5.88,68.5,63.98
2026-02-06T20:00:00Z,4980.7,77.22,2100.4,1722.5,5.88,67.88,63.41
2026-02-06T21:00:00Z,4977.2,77.25,2103.3,1721.5,5.89,67.93,63.47
2026-02-06T22:00:00Z,4979.8,76.89,2099.4,1712.0,5.89,68.05,63.5
2026-02-09T00:00:00Z,5057.4,79.65,2145.0,1763.5,5.95,67.4,62.95
2026-02-09T01:00:00Z,5041.2,79.26,2128.5,1756.0,5.91,67.58,63.11
2026-02-09T02:00:00Z,5002.3,79.93,2065.0,1704.0,5.88,67.66,63.22
2026-02-09T03:00:00Z,5026.6,80.61,2095.1,1732.5,5.88,67.39,62.96
2026-02-09T04:00:00Z,5037.1,80.66,2098.0,1733.0,5.89,67.44,62.98
2026-02-09T05:00:00Z,5034.7,81.38,2110.1,1744.0,5.89,67.41,62.94
2026-02-09T06:00:00Z,5058.0,81.79,2111.1,1751.0,5.91,67.35,62.9
2026-02-09T07:00:00Z,5052.4,81.73,2118.5,1759.0,5.9,67.33,62.88
2026-02-09T08:00:00Z,5027.2,80.69,2087.8,1727.5,5.9,67.22,62.73
2026-02-09T09:00:00Z,5048.1,81.53,2111.2,1738.0,5.91,67.4,62.9
2026-02-09T10:00:00Z,5028.2,80.7,2063.5,1712.0,5.89,67.38,62.9
2026-02-09T11:00:00Z,5011.3,78.84,2051.0,1696.5,5.87,68.35,63.87
2026-02-09T12:00:00Z,5031.1,79.92,2069.4,1701.5,5.9,68.32,63.83
2026-02-09T13:00:00Z,5035.7,80.0,2046.0,1683.0,5.89,68.24,63.74
2026-02-09T14:00:00Z,5028.9,79.44,2084.5,1701.5,5.9,67.73,63.23
2026-02-09T15:00:00Z,5059.6,81.33,2112.2,1740.0,5.92,68.57,64.07
2026-02-09T16:00:00Z,5082.2,82.34,2119.4,1749.5,5.93,68.76,64.17
2026-02-09T17:00:00Z,5096.9,83.24,2125.8,1755.5,5.96,69.41,64.85
2026-02-09T18:00:00Z,5069.8,82.43,2110.6,1742.5,5.96,69.33,64.76
2026-02-09T19:00:00Z,5087.0,82.92,2118.7,1744.0,5.95,69.14,64.5
2026-02-09T20:00:00Z,5098.4,83.17,2129.9,1750.0,5.97,68.94,64.25
2026-02-09T21:00:00Z,5102.9,83.61,2140.1,1757.5,5.97,68.98,64.29
2026-02-09T22:00:00Z,5084.2,83.05,2122.1,1751.5,5.96,69.13,64.42
2026-02-10T00:00:00Z,5055.3,81.48,2100.0,1730.0,5.94,69.08,64.41
2026-02-10T01:00:00Z,5042.6,81.2,2085.0,1724.5,5.94,68.98,64.31
2026-02-10T02:00:00Z,5054.9,81.81,2108.0,1740.0,5.95,69.0,64.28
2026-02-10T03:00:00Z,5061.2,81.68,2110.0,1741.5,5.94,69.01,64.29
2026-02-10T04:00:00Z,5051.5,81.13,2087.0,1737.0,5.91,68.83,64.2
2026-02-10T05:00:00Z,5052.8,80.97,2089.1,1737.0,5.91,68.92,64.19
2026-02-10T06:00:00Z,5061.9,81.25,2095.5,1738.0,5.92,68.83,64.09
2026-02-10T07:00:00Z,5045.8,80.8,2080.1,1730.0,5.9,69.1,64.36
2026-02-10T08:00:00Z,5055.3,81.44,2097.0,1740.5,5.91,69.04,64.32
2026-02-10T09:00:00Z,5063.8,81.93,2104.5,1745.5,5.92,69.36,64.61
2026-02-10T10:00:00Z,5068.5,81.69,2093.4,1733.5,5.9,68.88,64.13
2026-02-10T11:00:00Z,5070.2,81.92,2097.6,1743.5,5.9,69.12,64.34
2026-02-10T12:00:00Z,5079.0,81.98,2099.5,1736.0,5.92,69.37,64.59
2026-02-10T13:00:00Z,5054.9,81.35,2080.8,1723.5,5.91,69.25,64.45
2026-02-10T14:00:00Z,5074.1,81.67,2112.0,1742.0,5.92,69.34,64.51
2026-02-10T15:00:00Z,5063.0,81.92,2105.2,1741.0,5.93,69.36,64.51
2026-02-10T16:00:00Z,5041.6,80.71,2100.2,1732.5,5.91,69.04,64.2
2026-02-10T17:00:00Z,5046.5,80.19,2088.7,1729.0,5.91,68.76,63.98
2026-02-10T18:00:00Z,5049.7,80.75,2096.7,1732.5,5.92,68.89,64.07
2026-02-10T19:00:00Z,5036.0,80.46,2083.4,1722.0,5.9,68.67,63.84
2026-02-10T20:00:00Z,5050.8,80.9,2101.6,1731.0,5.91,68.92,64.14
2026-02-10T21:00:00Z,5052.9,80.75,2089.4,1727.0,5.91,69.11,64.3
2026-02-10T22:00:00Z,5047.9,80.58,2088.5,1717.5,5.91,69.01,64.2
2026-02-11T00:00:00Z,5064.1,81.14,2091.1,1723.0,5.9,69.14,64.31
2026-02-11T01:00:00Z,5060.9,81.17,2104.4,1729.5,5.91,69.08,64.24
2026-02-11T02:00:00Z,5075.0,81.75,2118.6,1742.5,5.91,69.19,64.35
2026-02-11T03:00:00Z,5079.2,82.07,2147.0,1756.5,5.92,69.36,64.54
2026-02-11T04:00:00Z,5079.0,82.4,2143.5,1759.0,5.93,69.34,64.51
2026-02-11T05:00:00Z,5073.2,82.21,2135.1,1751.0,5.93,69.29,64.43
2026-02-11T06:00:00Z,5076.8,81.92,2136.4,1755.5,5.94,69.15,64.35
2026-02-11T07:00:00Z,5088.3,83.18,2127.3,1758.5,5.93,69.25,64.44
2026-02-11T08:00:00Z,5078.7,83.62,2148.0,1764.5,5.94,69.38,64.53
2026-02-11T09:00:00Z,5077.0,83.56,2154.4,1766.5,5.95,69.62,64.79
2026-02-11T10:00:00Z,5086.6,84.54,2184.0,1776.5,5.99,69.66,64.84
2026-02-11T11:00:00Z,5118.6,85.38,2196.7,1780.0,6.05,69.74,64.9
2026-02-11T12:00:00Z,5136.8,85.87,2193.8,1780.0,6.07,70.25,65.38
2026-02-11T13:00:00Z,5107.2,85.61,2184.6,1770.5,6.03,70.3,65.43
2026-02-11T14:00:00Z,5089.6,84.49,2167.7,1771.0,6.01,70.34,65.46
2026-02-11T15:00:00Z,5082.3,83.57,2150.0,1763.5,5.97,70.46,65.56
2026-02-11T16:00:00Z,5084.2,83.14,2124.7,1743.0,5.94,69.82,64.97
2026-02-11T17:00:00Z,5099.2,83.49,2131.9,1746.5,5.95,69.91,65.07
2026-02-11T18:00:00Z,5116.5,84.5,2140.3,1744.5,5.97,69.68,64.87
2026-02-11T19:00:00Z,5107.4,83.89,2140.2,1737.0,5.97,69.49,64.68
2026-02-11T20:00:00Z,5106.5,83.96,2142.7,1727.0,5.96,69.58,64.87
2026-02-11T21:00:00Z,5111.4,84.3,2141.7,1732.0,5.98,69.76,65.0
2026-02-11T22:00:00Z,5107.8,84.08,2137.9,1727.5,5.99,69.67,64.89
2026-02-12T00:00:00Z,5083.5,82.53,2117.7,1711.5,5.99,69.65,64.9
2026-02-12T01:00:00Z,5084.9,82.22,2111.1,1715.5,5.99,69.73,64.97
2026-02-12T02:00:00Z,5084.8,83.08,2124.4,1716.0,5.99,69.62,64.89
2026-02-12T03:00:00Z,5086.7,83.16,2126.1,1724.5,5.97,69.6,64.91
2026-02-12T04:00:00Z,5078.2,83.24,2123.3,1727.5,5.97,69.74,64.99
2026-02-12T05:00:00Z,5090.4,83.13,2122.0,1725.0,5.97,69.7,64.98
2026-02-12T06:00:00Z,5096.3,83.69,2128.0,1726.0,5.97,69.61,64.91
2026-02-12T07:00:00Z,5081.1,82.72,2114.8,1711.5,5.97,69.58,64.83
2026-02-12T08:00:00Z,5085.3,83.03,2121.7,1716.5,5.99,69.59,64.84
2026-02-12T09:00:00Z,5090.0,83.67,2122.7,1721.5,6.0,69.72,64.98
2026-02-12T10:00:00Z,5095.0,83.49,2120.9,1729.0,6.01,69.2,64.47
2026-02-12T11:00:00Z,5083.8,83.02,2105.4,1715.0,5.99,69.13,64.43
2026-02-12T12:00:00Z,5085.6,83.25,2116.9,1723.0,5.99,69.15,64.5
2026-02-12T13:00:00Z,5074.2,82.02,2097.2,1710.5,5.95,69.09,64.42
2026-02-12T14:00:00Z,5098.2,82.88,2118.0,1710.0,5.97,68.95,64.24
2026-02-12T15:00:00Z,5067.0,82.43,2113.2,1713.5,5.95,68.7,63.96
2026-02-12T16:00:00Z,5083.9,82.27,2119.0,1730.5,5.94,68.33,63.62
2026-02-12T17:00:00Z,4976.3,76.19,2009.8,1653.5,5.81,67.46,62.77
2026-02-12T18:00:00Z,4961.5,75.43,2019.0,1659.0,5.78,67.3,62.63
2026-02-12T19:00:00Z,4955.9,76.04,2030.5,1666.5,5.79,67.34,62.67
2026-02-12T20:00:00Z,4965.0,76.16,2032.1,1664.0,5.79,67.6,62.95
2026-02-12T21:00:00Z,4935.1,74.7,1999.4,1639.5,5.77,67.59,62.93
2026-02-12T22:00:00Z,4941.4,75.01,1998.8,1639.0,5.78,67.6,62.91
2026-02-13T00:00:00Z,4939.7,74.92,2001.2,1644.0,5.77,67.52,62.85
2026-02-13T01:00:00Z,4946.7,74.85,1999.7,1634.0,5.78,67.53,62.87
2026-02-13T02:00:00Z,4999.8,76.46,2027.1,1658.0,5.82,67.55,62.85
2026-02-13T03:00:00Z,5008.0,76.89,2032.1,1669.0,5.83,67.47,62.78
2026-02-13T04:00:00Z,5001.6,76.83,2029.3,1669.5,5.83,67.42,62.7
2026-02-13T05:00:00Z,4994.0,76.79,2033.6,1675.0,5.84,67.48,62.78
2026-02-13T06:00:00Z,4965.4,75.8,2010.4,1659.0,5.79,67.32,62.62
2026-02-13T07:00:00Z,4986.7,77.11,2029.1,1669.0,5.8,67.55,62.83
2026-02-13T08:00:00Z,4994.6,77.61,2034.0,1678.5,5.81,67.39,62.68
2026-02-13T09:00:00Z,5001.9,78.62,2033.5,1667.0,5.78,67.59,62.91
2026-02-13T10:00:00Z,4990.1,77.95,2030.0,1657.0,5.75,67.81,63.1
2026-02-13T11:00:00Z,4970.8,77.44,2011.8,1646.0,5.74,67.91,63.16
2026-02-13T12:00:00Z,4973.4,77.24,2007.2,1652.0,5.7,67.16,62.39
2026-02-13T13:00:00Z,4988.8,77.67,2026.0,1658.0,5.73,67.3,62.58
2026-02-13T14:00:00Z,5008.4,78.62,2053.5,1668.0,5.75,67.7,62.96
2026-02-13T15:00:00Z,5017.4,77.3,2055.1,1668.0,5.74,67.48,62.67
2026-02-13T16:00:00Z,4998.7,76.98,2066.6,1684.5,5.77,67.53,62.71
2026-02-13T17:00:00Z,5030.0,77.52,2071.5,1683.5,5.78,67.48,62.66
2026-02-13T18:00:00Z,5043.5,77.69,2080.5,1703.0,5.8,67.95,63.11
2026-02-13T19:00:00Z,5054.1,77.7,2082.3,1727.0,5.81,67.82,63.01
2026-02-13T20:00:00Z,5046.4,77.32,2075.2,1732.5,5.78,67.53,62.7
2026-02-13T21:00:00Z,5054.0,77.05,2068.0,1727.0,5.78,67.6,62.74
2026-02-13T22:00:00Z,5046.3,77.27,2067.7,1722.0,5.79,67.6,62.81
2026-02-16T00:00:00Z,5038.5,76.28,2055.9,1716.0,5.78,67.74,62.9
2026-02-16T01:00:00Z,5035.0,76.75,2061.9,1721.5,5.78,67.73,62.86
2026-02-16T02:00:00Z,5047.6,77.21,2073.8,1720.5,5.79,67.69,62.87
2026-02-16T03:00:00Z,5014.8,75.68,2054.2,1713.5,5.76,67.74,62.9
2026-02-16T04:00:00Z,5007.2,75.18,2059.5,1703.5,5.75,67.82,62.91
2026-02-16T05:00:00Z,4994.7,75.09,2049.4,1706.5,5.75,67.77,62.91
2026-02-17T06:00:00Z,4906.9,73.72,2005.0,1727.0,5.69,68.2,63.38
2026-02-17T07:00:00Z,4930.0,74.46,2017.6,1730.5,5.71,68.19,63.34
2026-02-17T08:00:00Z,4935.8,74.87,2020.1,1734.0,5.72,68.06,63.2
2026-02-17T09:00:00Z,4939.5,74.85,2013.0,1714.0,5.71,67.98,63.1
2026-02-17T10:00:00Z,4945.2,74.43,2004.9,1708.0,5.72,68.12,63.29
2026-02-17T11:00:00Z,4932.1,73.81,1990.7,1682.0,5.69,68.48,63.46
2026-02-17T12:00:00Z,4948.7,74.57,2008.7,1691.5,5.7,68.68,63.67
2026-02-17T13:00:00Z,4951.6,74.49,2001.3,1695.5,5.67,68.54,63.43
2026-02-17T14:00:00Z,4889.4,72.82,2000.2,1666.0,5.66,67.36,62.3
2026-02-17T15:00:00Z,4881.3,72.19,1997.6,1674.5,5.63,67.43,62.35
2026-02-17T16:00:00Z,4897.2,73.12,2015.3,1708.0,5.65,66.95,61.92
2026-02-17T17:00:00Z,4887.7,73.14,2025.4,1706.5,5.67,67.34,62.26
2026-02-17T18:00:00Z,4884.0,72.69,2003.9,1679.5,5.64,67.16,62.1
2026-02-17T19:00:00Z,4917.7,73.81,2031.5,1716.5,5.68,67.43,62.32
2026-02-17T20:00:00Z,4899.3,73.54,2039.8,1721.5,5.68,67.34,62.18
2026-02-17T21:00:00Z,4896.7,73.29,2024.2,1710.5,5.67,67.35,62.18
2026-02-17T22:00:00Z,4896.1,73.55,2022.1,1709.5,5.68,67.38,62.22
2026-02-18T00:00:00Z,4876.9,72.45,2017.5,1700.0,5.67,67.46,62.18
2026-02-18T01:00:00Z,4891.8,72.47,2028.7,1712.0,5.67,67.4,62.14
2026-02-18T02:00:00Z,4908.0,73.43,2048.1,1726.0,5.68,67.4,62.24
2026-02-18T03:00:00Z,4923.8,73.49,2045.4,1722.0,5.68,67.53,62.26
2026-02-18T04:00:00Z,4939.5,74.64,2057.7,1736.0,5.68,67.62,62.39
2026-02-18T05:00:00Z,4951.6,75.64,2066.6,1742.0,5.71,67.69,62.47
2026-02-18T06:00:00Z,4952.4,75.61,2063.1,1749.5,5.7,67.56,62.33
2026-02-18T07:00:00Z,4949.7,75.5,2058.0,1746.5,5.7,67.56,62.35
2026-02-18T08:00:00Z,4949.5,75.69,2059.7,1740.5,5.69,67.62,62.4
2026-02-18T09:00:00Z,4937.7,75.81,2052.5,1730.0,5.7,67.02,62.35
2026-02-18T10:00:00Z,4937.9,75.66,2046.5,1731.5,5.7,67.06,62.43
2026-02-18T11:00:00Z,4935.0,75.71,2050.1,1742.5,5.71,68.18,62.96
2026-02-18T12:00:00Z,4933.4,75.42,2048.3,1736.5,5.71,68.85,63.58
2026-02-18T13:00:00Z,4963.5,75.65,2066.2,1759.0,5.71,69.23,63.98
2026-02-18T14:00:00Z,4974.2,76.65,2078.5,1752.5,5.74,69.03,63.77
2026-02-18T15:00:00Z,5012.3,77.62,2117.4,1769.0,5.77,69.5,64.26
2026-02-18T16:00:00Z,5018.8,77.6,2105.5,1767.5,5.79,69.42,64.2
2026-02-18T17:00:00Z,5021.2,77.76,2096.3,1753.0,5.8,69.77,64.55
2026-02-18T18:00:00Z,5020.1,78.15,2112.2,1760.0,5.8,70.24,64.97
2026-02-18T19:00:00Z,5008.2,77.25,2095.3,1741.0,5.77,70.33,65.06
2026-02-18T20:00:00Z,5000.7,76.63,2087.9,1726.5,5.76,70.29,65.03
2026-02-18T21:00:00Z,5005.3,77.3,2093.7,1742.0,5.78,70.49,65.24
2026-02-18T22:00:00Z,4996.1,77.13,2087.8,1733.0,5.78,70.19,64.94
2026-02-19T00:00:00Z,4994.8,77.08,2086.0,1731.0,5.78,70.23,65.01
2026-02-19T01:00:00Z,4980.2,76.39,2080.0,1729.5,5.77,70.25,65.04
2026-02-19T02:00:00Z,4992.1,77.17,2087.4,1736.0,5.78,70.42,65.16
2026-02-19T03:00:00Z,4986.9,77.07,2084.1,1738.0,5.78,70.54,65.27
2026-02-19T04:00:00Z,5000.4,77.87,2095.9,1742.0,5.79,70.59,65.35
2026-02-19T05:00:00Z,5002.8,77.8,2077.3,1733.0,5.77,70.41,65.17
2026-02-19T06:00:00Z,5015.5,77.85,2084.6,1739.0,5.79,70.47,65.23
2026-02-19T07:00:00Z,5035.4,78.74,2103.1,1752.0,5.8,70.47,65.23
2026-02-19T08:00:00Z,5028.0,78.78,2106.1,1752.0,5.8,71.06,65.78
2026-02-19T09:00:00Z,5035.5,79.06,2110.9,1753.5,5.79,71.53,66.2
2026-02-19T10:00:00Z,5014.4,78.49,2085.8,1728.5,5.76,71.08,65.76
2026-02-19T11:00:00Z,5013.0,78.38,2091.4,1735.5,5.74,71.26,65.97
2026-02-19T12:00:00Z,5003.3,77.81,2081.2,1721.5,5.72,71.31,66.03
2026-02-19T13:00:00Z,5004.4,77.96,2079.0,1706.5,5.7,71.33,66.08
2026-02-19T14:00:00Z,5016.6,78.25,2075.2,1694.5,5.72,71.68,66.41
2026-02-19T15:00:00Z,5024.6,77.86,2067.1,1694.0,5.71,71.66,66.35
2026-02-19T16:00:00Z,5033.4,78.57,2091.1,1696.0,5.76,71.66,66.47
2026-02-19T17:00:00Z,5014.2,77.48,2074.5,1696.5,5.74,71.84,66.62
2026-02-19T18:00:00Z,5004.2,77.48,2069.5,1696.5,5.74,71.79,66.56
2026-02-19T19:00:00Z,5000.7,77.73,2067.4,1693.5,5.76,71.77,66.49
2026-02-19T20:00:00Z,5006.5,77.67,2064.6,1691.5,5.75,71.83,66.59
2026-02-19T21:00:00Z,5020.6,78.3,2082.6,1704.0,5.77,71.94,66.71
2026-02-19T22:00:00Z,5015.5,78.44,2085.9,1707.0,5.76,71.92,66.67
2026-02-20T00:00:00Z,5005.6,77.87,2080.3,1705.5,5.76,71.72,66.44
2026-02-20T01:00:00Z,5024.5,78.58,2089.2,1706.5,5.77,71.74,66.45
2026-02-20T02:00:00Z,5016.8,78.3,2075.9,1695.0,5.75,71.8,66.58
2026-02-20T03:00:00Z,5013.7,78.0,2065.3,1687.5,5.75,71.77,66.58
2026-02-20T04:00:00Z,5006.0,77.54,2066.3,1688.5,5.73,71.89,66.64
2026-02-20T05:00:00Z,5017.5,78.0,2079.6,1695.0,5.75,71.97,66.72
2026-02-20T06:00:00Z,5030.1,78.53,2087.9,1706.5,5.77,72.09,66.84
2026-02-20T07:00:00Z,5039.6,78.63,2093.8,1710.5,5.77,72.0,66.72
2026-02-20T08:00:00Z,5025.3,78.62,2093.1,1708.5,5.75,71.58,66.33
2026-02-20T09:00:00Z,5048.7,79.8,2117.0,1728.5,5.79,71.42,66.15
2026-02-20T10:00:00Z,5047.6,80.29,2124.5,1733.5,5.76,71.27,66.01
2026-02-20T11:00:00Z,5054.6,80.71,2126.7,1733.5,5.76,70.87,65.97
2026-02-20T12:00:00Z,5036.8,80.43,2128.8,1730.5,5.76,70.9,66.0
2026-02-20T13:00:00Z,5044.5,80.53,2136.3,1752.0,5.77,71.03,66.17
2026-02-20T14:00:00Z,5063.5,80.76,2136.5,1734.5,5.76,71.12,66.26
2026-02-20T15:00:00Z,5074.8,81.67,2146.0,1750.5,5.78,71.11,66.25
2026-02-20T16:00:00Z,5062.3,81.78,2155.0,1753.0,5.81,70.79,65.96
2026-02-20T17:00:00Z,5087.0,82.43,2169.0,1770.0,5.83,71.01,66.19
2026-02-20T18:00:00Z,5093.7,82.76,2177.3,1779.0,5.84,71.28,66.45
2026-02-20T19:00:00Z,5094.0,82.93,2170.5,1784.0,5.86,71.4,66.56
2026-02-20T20:00:00Z,5102.4,83.35,2175.8,1785.0,5.86,71.29,66.46
2026-02-20T21:00:00Z,5119.4,84.43,2176.2,1790.5,5.87,71.22,66.37
2026-02-20T22:00:00Z,5080.9,82.34,2176.0,1780.0,5.84,71.3,66.48
2026-02-23T00:00:00Z,5187.2,86.89,2219.1,1813.5,5.9,70.89,65.99
2026-02-23T01:00:00Z,5165.9,86.18,2192.0,1792.0,5.87,70.57,65.72
2026-02-23T02:00:00Z,5179.4,86.69,2197.2,1799.5,5.86,70.75,65.9
2026-02-23T03:00:00Z,5195.0,87.39,2195.4,1796.0,5.84,70.73,65.89
2026-02-23T04:00:00Z,5188.4,87.03,2187.3,1792.0,5.83,70.53,65.72
2026-02-23T05:00:00Z,5181.3,87.0,2180.4,1789.5,5.83,70.43,65.58
2026-02-23T06:00:00Z,5179.9,86.83,2173.1,1784.5,5.82,70.62,65.74
2026-02-23T07:00:00Z,5167.3,86.3,2174.2,1784.5,5.81,70.5,65.67
2026-02-23T08:00:00Z,5157.6,85.68,2164.4,1783.5,5.83,70.46,65.66
2026-02-23T09:00:00Z,5161.0,86.18,2170.8,1789.0,5.82,71.16,65.86
2026-02-23T10:00:00Z,5170.1,86.51,2177.4,1802.0,5.83,71.47,66.23
2026-02-23T11:00:00Z,5184.0,86.81,2177.5,1808.0,5.84,70.88,66.09
2026-02-23T12:00:00Z,5170.3,86.33,2179.3,1800.5,5.82,71.25,66.44
2026-02-23T13:00:00Z,5185.0,86.89,2191.2,1813.0,5.81,71.53,66.71
2026-02-23T14:00:00Z,5166.2,85.49,2145.7,1777.5,5.78,71.68,66.91
2026-02-23T15:00:00Z,5213.5,87.1,2176.5,1809.5,5.82,71.76,67.01
2026-02-23T16:00:00Z,5216.6,86.46,2137.3,1765.5,5.78,71.6,66.8
2026-02-23T17:00:00Z,5230.4,86.5,2151.1,1776.0,5.77,71.21,66.38
2026-02-23T18:00:00Z,5227.4,86.69,2149.5,1777.5,5.78,71.0,66.25
2026-02-23T19:00:00Z,5229.5,87.47,2162.3,1777.0,5.79,71.01,66.21
2026-02-23T20:00:00Z,5235.4,87.51,2156.4,1765.0,5.79,71.15,66.33
2026-02-23T21:00:00Z,5255.6,88.69,2182.8,1780.0,5.8,71.3,66.44
2026-02-23T22:00:00Z,5247.9,88.0,2165.7,1771.5,5.8,71.1,66.29
2026-02-24T00:00:00Z,5254.5,87.94,2167.7,1770.5,5.8,71.04,66.26
2026-02-24T01:00:00Z,5243.1,87.5,2165.0,1771.5,5.81,71.01,66.32
2026-02-24T02:00:00Z,5196.6,86.32,2119.0,1750.0,5.86,71.27,66.45
2026-02-24T03:00:00Z,5209.0,87.3,2145.8,1773.0,5.9,71.58,66.81
2026-02-24T04:00:00Z,5192.0,86.79,2148.8,1767.5,5.88,71.69,66.88
2026-02-24T05:00:00Z,5188.4,86.68,2148.1,1768.5,5.88,71.61,66.82
2026-02-24T06:00:00Z,5203.0,87.92,2151.2,1772.0,5.89,71.65,66.85
2026-02-24T07:00:00Z,5193.6,87.96,2158.4,1771.5,5.87,71.59,66.76
2026-02-24T08:00:00Z,5198.7,87.72,2164.0,1764.5,5.85,71.36,66.56
2026-02-24T09:00:00Z,5193.0,87.94,2165.0,1770.5,5.91,71.69,66.55
2026-02-24T10:00:00Z,5190.7,87.91,2172.4,1779.0,5.92,71.68,66.55
2026-02-24T11:00:00Z,5192.3,87.93,2170.6,1779.5,5.92,71.01,66.28
2026-02-24T12:00:00Z,5191.9,87.96,2168.6,1772.5,5.93,71.09,66.37
2026-02-24T13:00:00Z,5168.8,87.6,2195.7,1769.0,5.95,71.33,66.62
2026-02-24T14:00:00Z,5132.3,85.99,2150.2,1753.5,5.92,71.66,66.87
2026-02-24T15:00:00Z,5145.5,87.03,2164.4,1771.0,5.95,71.41,66.53
2026-02-24T16:00:00Z,5168.2,87.72,2176.7,1787.5,5.97,70.77,65.89
2026-02-24T17:00:00Z,5159.7,87.27,2163.3,1794.5,5.98,70.8,65.99
2026-02-24T18:00:00Z,5182.0,87.96,2186.9,1817.5,5.99,70.73,65.83
2026-02-24T19:00:00Z,5178.9,87.19,2186.8,1816.5,5.97,70.9,65.94
2026-02-24T20:00:00Z,5171.8,86.92,2178.3,1811.5,5.96,70.84,65.9
2026-02-24T21:00:00Z,5181.8,87.26,2184.8,1813.0,5.96,71.27,66.3
2026-02-24T22:00:00Z,5160.5,87.07,2178.6,1809.5,5.96,71.08,66.08
2026-02-25T00:00:00Z,5165.0,87.2,2174.1,1809.5,5.96,70.96,66.03
2026-02-25T01:00:00Z,5171.0,87.38,2185.8,1814.0,5.97,71.05,66.1
2026-02-25T02:00:00Z,5195.1,88.31,2223.2,1826.0,5.98,71.05,66.05
2026-02-25T03:00:00Z,5198.6,89.41,2238.1,1836.0,6.02,71.27,66.32
2026-02-25T04:00:00Z,5200.6,89.54,2249.3,1841.0,6.01,70.99,66.01
2026-02-25T05:00:00Z,5201.3,89.43,2256.5,1833.0,6.0,71.03,66.03
2026-02-25T06:00:00Z,5221.2,90.72,2284.7,1849.0,6.02,71.04,66.03
2026-02-25T07:00:00Z,5213.2,90.49,2286.1,1837.0,6.03,70.95,65.99
2026-02-25T08:00:00Z,5203.8,90.33,2281.5,1827.5,6.01,70.84,65.9
2026-02-25T09:00:00Z,5204.5,91.51,2311.1,1884.5,6.03,70.98,66.0
2026-02-25T10:00:00Z,5212.9,91.31,2309.7,1889.0,6.03,70.64,65.63
2026-02-25T11:00:00Z,5193.7,91.08,2303.9,1882.5,6.01,70.94,65.91
2026-02-25T12:00:00Z,5199.5,91.04,2307.6,1883.0,6.02,70.91,65.87
2026-02-25T13:00:00Z,5201.0,91.09,2340.0,1903.5,6.03,71.3,66.22
2026-02-25T14:00:00Z,5203.7,91.12,2331.8,1898.0,6.01,70.95,65.91
2026-02-25T15:00:00Z,5210.2,91.17,2311.7,1871.5,6.02,70.44,65.32
2026-02-25T16:00:00Z,5214.5,91.25,2309.3,1857.0,6.03,70.57,65.41
2026-02-25T17:00:00Z,5231.7,91.43,2331.8,1871.5,6.04,70.63,65.46
2026-02-25T18:00:00Z,5226.5,91.66,2334.3,1870.0,6.04,70.79,65.53
2026-02-25T19:00:00Z,5226.4,91.65,2333.3,,6.04,70.84,65.6
2026-02-25T20:00:00Z,5224.4,91.77,2330.8,1866.5,6.05,70.98,65.72
2026-02-25T21:00:00Z,5169.9,89.03,2288.8,1847.0,6.03,70.78,65.46
2026-02-25T22:00:00Z,5183.7,89.86,2290.0,1843.5,6.04,70.86,65.57
2026-02-26T00:00:00Z,5180.0,88.19,2285.1,1845.5,6.04,70.9,65.64
2026-02-26T01:00:00Z,5203.2,89.93,2313.0,1869.5,6.05,71.01,65.75
2026-02-26T02:00:00Z,5206.8,90.21,2294.7,1846.0,6.03,70.94,65.62
2026-02-26T03:00:00Z,5199.6,89.39,2284.0,1829.0,6.01,70.76,65.46
2026-02-26T04:00:00Z,5208.1,89.89,2299.4,1842.5,6.02,70.82,65.51
2026-02-26T05:00:00Z,5208.7,89.77,2298.0,1844.0,6.03,70.9,65.58
2026-02-26T06:00:00Z,5214.4,89.98,2308.8,1849.0,6.03,70.8,65.55
2026-02-26T07:00:00Z,5209.8,89.64,2304.8,1844.5,6.05,70.81,65.51
2026-02-26T08:00:00Z,5202.6,88.97,2301.8,1840.0,6.03,70.76,65.47
2026-02-26T09:00:00Z,5195.8,87.93,2291.6,1834.5,6.02,70.78,65.46
2026-02-26T10:00:00Z,5202.4,88.01,2292.7,1833.5,6.03,70.43,65.11
2026-02-26T11:00:00Z,5187.1,87.29,2271.4,1820.0,6.02,69.8,64.37
2026-02-26T12:00:00Z,5180.7,87.57,2274.0,1817.5,6.02,69.82,64.31
2026-02-26T13:00:00Z,5200.0,87.66,2274.5,1813.5,6.04,69.67,64.12
2026-02-26T14:00:00Z,5182.3,87.62,2271.7,1802.5,6.03,69.95,64.38
2026-02-26T15:00:00Z,5181.1,87.08,2252.3,1806.5,6.02,70.31,64.71
2026-02-26T16:00:00Z,5202.5,87.95,2259.0,1798.0,6.04,72.11,66.49
2026-02-26T17:00:00Z,5196.3,87.2,2245.5,1796.5,6.04,72.0,66.42
2026-02-26T18:00:00Z,5184.0,87.17,2234.0,1790.5,6.01,71.99,66.47
2026-02-26T19:00:00Z,5196.9,87.94,2258.9,1798.0,6.02,71.25,65.72
2026-02-26T20:00:00Z,5204.2,88.82,2270.2,1810.0,6.03,70.93,65.34
2026-02-26T21:00:00Z,5213.5,89.4,2287.6,1821.5,6.03,71.03,65.51
2026-02-26T22:00:00Z,5201.5,88.86,2285.4,1817.0,6.03,71.02,65.47
2026-02-27T00:00:00Z,5200.9,88.75,2269.2,1808.0,6.02,70.81,65.22
2026-02-27T01:00:00Z,5191.6,88.95,2271.1,1816.5,6.01,70.79,65.25
2026-02-27T02:00:00Z,5210.2,90.02,2338.2,1837.5,6.03,70.64,65.1
2026-02-27T03:00:00Z,5200.3,90.41,2387.5,1848.5,6.05,70.56,65.04
2026-02-27T04:00:00Z,5201.2,89.95,2382.3,1853.0,6.04,70.86,65.3
2026-02-27T05:00:00Z,5200.5,90.14,2388.1,1857.0,6.04,70.9,65.31
2026-02-27T06:00:00Z,5214.7,90.64,2408.3,1870.5,6.06,71.14,65.57
2026-02-27T07:00:00Z,5202.8,90.76,2410.3,1870.0,6.11,71.26,65.72
2026-02-27T08:00:00Z,5193.1,90.74,2406.8,1870.5,6.11,71.34,65.76
2026-02-27T09:00:00Z,5195.1,90.15,2377.7,1856.5,6.11,71.3,65.71
2026-02-27T10:00:00Z,5192.3,90.25,2373.0,1852.5,6.11,72.05,66.44
2026-02-27T11:00:00Z,5193.6,90.28,2377.4,1854.0,6.12,72.22,66.56
2026-02-27T12:00:00Z,5202.0,90.57,2380.6,1856.0,6.13,72.49,66.87
2026-02-27T13:00:00Z,5204.3,90.36,2386.7,1852.0,6.13,72.76,67.04
2026-02-27T14:00:00Z,5240.8,92.76,2380.9,1837.0,6.09,73.46,67.75
2026-02-27T15:00:00Z,5240.9,92.24,2361.3,1817.5,6.08,72.68,66.9
2026-02-27T16:00:00Z,5257.8,94.16,2381.5,1835.5,6.08,72.67,66.91
2026-02-27T17:00:00Z,5246.9,93.82,2367.3,1827.5,6.06,72.3,66.54
2026-02-27T18:00:00Z,5252.4,94.25,2374.3,1828.0,6.06,72.54,66.76
2026-02-27T19:00:00Z,5263.0,93.78,2368.1,1818.0,6.04,72.89,67.03
2026-02-27T20:00:00Z,5268.4,93.81,2368.4,1820.5,6.03,72.92,67.05
2026-02-27T21:00:00Z,5281.3,94.42,2378.0,1826.5,6.05,73.14,67.25
2026-02-27T22:00:00Z,5247.9,94.35,2379.2,1828.0,6.06,73.14,67.29
2026-03-02T00:00:00Z,5400.4,96.18,2414.3,1837.0,6.05,78.4,71.97
2026-03-02T01:00:00Z,5360.6,94.63,2386.3,1828.5,6.06,78.34,71.79
2026-03-02T02:00:00Z,5338.3,92.64,2351.4,1834.5,6.03,76.17,69.73
2026-03-02T03:00:00Z,5358.8,94.36,2380.3,1848.5,6.05,76.32,70.0
2026-03-02T04:00:00Z,5378.7,94.73,2378.3,1862.5,6.05,77.14,70.71
2026-03-02T05:00:00Z,5369.8,94.08,2379.0,1858.0,6.03,77.68,71.31
2026-03-02T06:00:00Z,5378.9,94.46,2404.9,1873.5,6.07,78.08,71.58
2026-03-02T07:00:00Z,5401.5,95.34,2405.6,1864.0,6.07,78.62,71.98
2026-03-02T08:00:00Z,5423.0,96.49,2422.4,1873.0,6.08,80.08,73.24
2026-03-02T09:00:00Z,5408.9,95.78,2399.6,1853.0,6.06,79.25,72.55
2026-03-02T10:00:00Z,5406.9,95.74,2393.2,1857.0,6.07,79.04,72.42
2026-03-02T11:00:00Z,5404.1,95.61,2367.5,1839.5,6.06,78.42,72.01
2026-03-02T12:00:00Z,5399.6,94.97,2353.0,1825.0,6.05,78.37,71.95
2026-03-02T13:00:00Z,5412.4,95.44,2364.0,1830.0,6.02,79.4,72.6
2026-03-02T14:00:00Z,5409.8,94.21,2349.5,1811.5,6.02,79.31,72.29
2026-03-02T15:00:00Z,5346.4,90.26,2296.9,1794.5,5.96,78.3,71.05
2026-03-02T16:00:00Z,5329.6,88.93,2293.1,1788.0,5.96,78.25,71.25
2026-03-02T17:00:00Z,5304.0,87.26,2295.7,1783.0,5.94,77.47,70.88
2026-03-02T18:00:00Z,5321.1,88.17,2315.5,1793.0,5.95,77.12,70.61
2026-03-02T19:00:00Z,5329.8,89.08,2313.6,1797.0,5.94,77.65,71.1
2026-03-02T20:00:00Z,5344.2,89.62,2323.1,1804.0,5.97,77.46,70.9
2026-03-02T21:00:00Z,5346.1,90.29,2323.9,1802.0,5.97,78.48,71.58
2026-03-02T22:00:00Z,5335.9,89.61,2318.6,1801.5,5.96,77.66,71.03
2026-03-03T00:00:00Z,5359.1,90.3,2327.3,1813.0,5.97,77.81,70.89
2026-03-03T01:00:00Z,5364.5,90.86,2331.1,1821.5,5.97,78.69,71.62
2026-03-03T02:00:00Z,5352.9,88.95,2275.0,1789.0,5.95,78.59,71.75
2026-03-03T03:00:00Z,5380.0,90.33,2307.7,1805.5,5.99,79.36,72.38
2026-03-03T04:00:00Z,5381.2,90.4,2309.4,1808.0,6.0,79.44,72.44
2026-03-03T05:00:00Z,5377.9,89.89,2301.7,1805.5,5.98,79.69,72.67
2026-03-03T06:00:00Z,5331.9,87.01,2228.8,1767.0,5.92,80.0,72.86
2026-03-03T07:00:00Z,5323.0,85.2,2209.1,1748.5,5.95,80.21,73.06
2026-03-03T08:00:00Z,5340.6,87.29,2224.2,1753.0,5.93,80.9,73.84
2026-03-03T09:00:00Z,5308.8,85.11,2171.5,1718.0,5.8,81.15,74.46
2026-03-03T10:00:00Z,5286.8,84.47,2133.8,1711.5,5.79,81.94,75.22
2026-03-03T11:00:00Z,5259.7,82.09,2115.9,1697.0,5.81,83.6,76.46
2026-03-03T12:00:00Z,5154.0,81.36,2043.7,1682.0,5.79,84.52,77.18
2026-03-03T13:00:00Z,5234.5,83.46,2124.3,1691.5,5.84,82.95,75.93
2026-03-03T14:00:00Z,5166.5,82.47,2113.6,1699.0,5.84,83.55,76.21
2026-03-03T15:00:00Z,5048.0,79.74,2014.6,1634.0,5.78,83.42,76.69
2026-03-03T16:00:00Z,5105.3,82.78,2069.5,1667.0,5.83,83.67,76.97
2026-03-03T17:00:00Z,5117.9,82.8,2080.0,1680.0,5.85,82.87,75.96
2026-03-03T18:00:00Z,5089.5,82.44,2071.6,1665.0,5.82,82.39,75.55
2026-03-03T19:00:00Z,5146.5,83.82,2114.0,1690.0,5.86,81.38,74.7
2026-03-03T20:00:00Z,5122.3,83.28,2108.9,1692.5,5.86,80.39,73.6
2026-03-03T21:00:00Z,5109.3,82.76,2104.7,1681.5,5.84,81.09,74.08
2026-03-03T22:00:00Z,5099.5,82.3,2089.7,1672.0,5.83,81.87,74.8
2026-03-04T00:00:00Z,5133.4,83.22,2109.3,1678.5,5.85,82.6,75.55
2026-03-04T01:00:00Z,5147.3,83.44,2116.9,1692.5,5.85,81.9,74.96
2026-03-04T02:00:00Z,5183.7,84.53,2158.8,1714.0,5.87,81.89,74.96
2026-03-04T03:00:00Z,5165.4,84.21,2125.6,1693.5,5.89,82.12,75.03
2026-03-04T04:00:00Z,5183.1,85.14,2137.0,1712.5,5.92,82.35,75.12
2026-03-04T05:00:00Z,5166.4,84.71,2136.9,1702.0,5.9,82.64,75.45
2026-03-04T06:00:00Z,5169.5,84.74,2142.8,1713.0,5.9,83.13,75.91
2026-03-04T07:00:00Z,5170.3,85.03,2149.0,1710.5,5.89,84.05,76.85
2026-03-04T08:00:00Z,5178.2,85.03,2154.1,1714.0,5.92,83.69,76.46
2026-03-04T09:00:00Z,5178.6,85.47,2156.1,1715.5,5.94,83.94,76.74
2026-03-04T10:00:00Z,5193.9,86.43,2177.8,1717.5,5.94,84.04,76.77
2026-03-04T11:00:00Z,5201.9,86.17,2172.0,1719.5,5.93,82.56,75.22
2026-03-04T12:00:00Z,5204.2,86.41,2180.3,1719.0,5.93,82.45,74.93
2026-03-04T13:00:00Z,5182.0,85.53,2158.5,1708.5,5.91,81.85,74.64
2026-03-04T14:00:00Z,5178.5,84.92,2176.4,1722.0,5.89,81.0,73.91
2026-03-04T15:00:00Z,5155.7,83.77,2135.6,1691.5,5.88,81.33,74.35
2026-03-04T16:00:00Z,5161.6,84.39,2169.0,1710.5,5.9,80.97,74.23
2026-03-04T17:00:00Z,5161.5,83.76,2158.1,1691.5,5.93,81.13,74.16
2026-03-04T18:00:00Z,5153.6,83.75,2153.6,1696.0,5.91,81.69,75.13
2026-03-04T19:00:00Z,5144.7,83.5,2164.2,1698.0,5.9,81.51,74.91
2026-03-04T20:00:00Z,5148.7,83.75,2170.2,1702.0,5.91,81.26,74.52
2026-03-04T21:00:00Z,5146.8,83.36,2161.6,1696.0,5.9,81.74,75.3
2026-03-04T22:00:00Z,5151.6,83.76,2165.8,1698.5,5.9,82.54,76.11
2026-03-05T00:00:00Z,5176.2,84.17,2180.1,1704.5,5.91,82.35,75.95
2026-03-05T01:00:00Z,5183.9,84.29,2198.2,1711.5,5.94,82.12,75.7
2026-03-05T02:00:00Z,5181.7,84.46,2185.9,1714.5,5.92,83.39,76.91
2026-03-05T03:00:00Z,5201.6,85.35,2195.0,1720.0,5.93,83.91,77.38
2026-03-05T04:00:00Z,5189.5,85.02,2173.8,1706.0,5.89,83.72,77.08
2026-03-05T05:00:00Z,5179.7,84.78,2181.7,1709.0,5.89,83.94,77.31
2026-03-05T06:00:00Z,5157.7,82.57,2146.0,1687.0,5.84,84.33,77.74
2026-03-05T07:00:00Z,5176.5,83.54,2166.5,1688.0,5.87,83.13,76.57
2026-03-05T08:00:00Z,5171.4,83.75,2160.3,1689.5,5.87,83.79,77.16
2026-03-05T09:00:00Z,5176.0,84.07,2181.7,1682.0,5.83,83.54,77.01
2026-03-05T10:00:00Z,5171.8,84.36,2176.9,1683.0,5.86,82.96,76.4
2026-03-05T11:00:00Z,5175.6,84.51,2175.5,1683.5,5.83,83.04,76.52
2026-03-05T12:00:00Z,5174.8,84.3,2168.7,1684.0,5.83,83.59,77.06
2026-03-05T13:00:00Z,5173.0,84.15,2169.8,1676.5,5.82,83.56,77.22
2026-03-05T14:00:00Z,5126.5,82.75,2149.2,1657.0,5.8,83.56,77.14
2026-03-05T15:00:00Z,5110.8,82.83,2145.8,1663.0,5.82,83.88,77.97
2026-03-05T16:00:00Z,5111.3,82.54,2135.3,1657.0,5.86,84.14,78.65
2026-03-05T17:00:00Z,5086.5,81.96,2147.7,1651.5,5.84,84.39,79.23
2026-03-05T18:00:00Z,5071.2,81.7,2125.3,1648.5,5.8,84.71,79.65
2026-03-05T19:00:00Z,5077.6,81.8,2122.9,1645.5,5.8,85.18,80.84
2026-03-05T20:00:00Z,5074.6,81.17,2108.1,1638.0,5.8,85.91,81.61
2026-03-05T21:00:00Z,5086.6,82.23,2127.7,1647.0,5.83,84.54,79.8
2026-03-05T22:00:00Z,5093.3,82.52,2128.2,1650.0,5.83,84.07,78.87
2026-03-06T00:00:00Z,5095.6,83.0,2140.1,1656.0,5.84,84.32,79.42
2026-03-06T01:00:00Z,5092.5,82.54,2130.1,1653.5,5.83,83.55,78.66
2026-03-06T02:00:00Z,5142.1,84.33,2154.6,1677.0,5.86,84.4,79.8
2026-03-06T03:00:00Z,5133.9,84.06,2147.5,1669.5,5.86,84.3,79.68
2026-03-06T04:00:00Z,5139.9,84.61,2163.6,1679.0,5.87,84.56,80.02
2026-03-06T05:00:00Z,5137.2,84.46,2157.6,1683.5,5.86,84.58,80.05
2026-03-06T06:00:00Z,5126.6,83.96,2149.6,1674.0,5.85,85.01,80.31
2026-03-06T07:00:00Z,5124.9,84.59,2156.4,1676.0,5.85,85.32,80.71
2026-03-06T08:00:00Z,5128.2,84.93,2161.4,1677.5,5.85,85.68,81.09
2026-03-06T09:00:00Z,5116.7,84.46,2169.2,1681.5,5.86,85.34,81.4
2026-03-06T10:00:00Z,5093.5,82.96,2132.7,1653.5,5.81,87.48,84.7
2026-03-06T11:00:00Z,5099.9,83.17,2143.1,1655.5,5.82,87.06,84.01
2026-03-06T12:00:00Z,5086.1,82.43,2125.0,1646.5,5.79,89.33,86.04
2026-03-06T13:00:00Z,5091.9,82.54,2129.5,1653.5,5.79,89.0,86.08
2026-03-06T14:00:00Z,5093.8,82.75,2110.0,1649.5,5.78,89.78,87.36
2026-03-06T15:00:00Z,5139.3,83.98,2115.7,1642.5,5.81,91.46,88.72
2026-03-06T16:00:00Z,5151.2,84.43,2126.1,1650.0,5.8,90.89,88.83
2026-03-06T17:00:00Z,5149.5,84.18,2130.6,1651.5,5.81,92.48,90.3
2026-03-06T18:00:00Z,5150.2,84.28,2130.6,1662.0,5.81,94.1,92.4
2026-03-06T19:00:00Z,5170.3,84.7,2148.4,1667.5,5.81,93.68,91.6
2026-03-06T20:00:00Z,5168.5,84.7,2149.7,1662.5,5.83,92.87,91.35
2026-03-06T21:00:00Z,5161.4,84.15,2138.3,1659.0,5.84,92.32,90.69
2026-03-06T22:00:00Z,5158.7,84.31,2141.7,1662.4,5.81,92.69,90.9
2026-03-08T23:00:00Z,5138.5,83.44,2079.5,1622.0,5.72,107.58,106.94
2026-03-09T00:00:00Z,5083.4,82.05,2043.1,1595.0,5.66,108.21,108.03
2026-03-09T01:00:00Z,5056.9,81.51,2051.3,1598.0,5.7,108.62,108.26
2026-03-09T02:00:00Z,5077.6,81.06,2038.6,1593.0,5.7,114.57,115.07
2026-03-09T03:00:00Z,5100.9,82.82,2089.2,1618.0,5.75,115.5,114.31
2026-03-09T04:00:00Z,5098.0,83.1,2096.4,1619.0,5.76,116.2,115.72
2026-03-09T05:00:00Z,5096.4,82.67,2104.9,1618.5,5.75,116.63,115.88
2026-03-09T06:00:00Z,5131.6,84.32,2133.3,1629.5,5.76,106.74,103.69
2026-03-09T07:00:00Z,5104.8,83.86,2109.2,1625.0,5.76,108.47,104.52
2026-03-09T08:00:00Z,5106.7,83.67,2117.5,1616.0,5.74,107.65,102.83
2026-03-09T09:00:00Z,5104.4,83.93,2111.7,1614.0,5.76,106.49,103.1
2026-03-09T10:00:00Z,5114.3,84.17,2116.0,1618.5,5.76,104.0,101.08
2026-03-09T11:00:00Z,5094.8,83.32,2097.6,1608.0,5.76,105.2,103.23
2026-03-09T12:00:00Z,5095.7,83.35,2106.5,1620.5,5.74,103.85,102.2
2026-03-09T13:00:00Z,5103.1,83.83,2140.3,1655.0,5.76,103.67,102.23
2026-03-09T14:00:00Z,5081.5,83.76,2130.6,1654.0,5.76,101.6,99.66
2026-03-09T15:00:00Z,5102.6,84.58,2160.1,1678.0,5.8,102.56,100.53
2026-03-09T16:00:00Z,5108.5,84.71,2158.2,1680.0,5.83,98.22,95.61
2026-03-09T17:00:00Z,5113.1,84.96,2163.5,1690.5,5.85,99.56,94.79
2026-03-09T18:00:00Z,5104.9,84.64,2165.0,1694.5,5.82,99.3,94.94
2026-03-09T19:00:00Z,5133.2,86.13,2179.5,1703.5,5.82,99.3,95.29
2026-03-09T20:00:00Z,5150.5,86.72,2190.9,1708.0,5.89,89.59,85.91
2026-03-09T21:00:00Z,5148.7,87.35,2189.2,1712.5,5.9,88.69,85.08
2026-03-09T23:00:00Z,5162.1,87.88,2181.7,1712.5,5.9,92.23,87.87
2026-03-10T00:00:00Z,5149.8,87.7,2186.9,1707.0,5.89,93.0,88.65
2026-03-10T01:00:00Z,5140.2,87.25,2168.1,1703.0,5.89,90.46,86.77
2026-03-10T02:00:00Z,5193.2,89.86,2208.1,1710.5,5.92,88.5,84.9
2026-03-10T03:00:00Z,5174.3,89.18,2180.2,1695.0,5.9,92.31,88.62
2026-03-10T04:00:00Z,5166.4,88.47,2175.0,1693.0,5.9,94.02,90.01
2026-03-10T05:00:00Z,5172.1,88.72,2183.7,1695.5,5.9,94.69,90.5
2026-03-10T06:00:00Z,5186.7,89.54,2199.3,1703.0,5.91,93.44,89.05
2026-03-10T07:00:00Z,5183.6,89.25,2187.5,1696.5,5.92,93.75,89.8
2026-03-10T08:00:00Z,5190.5,89.49,2214.3,1718.5,5.94,85.64,85.82
2026-03-10T09:00:00Z,5192.5,89.29,2228.5,1716.0,5.93,88.15,88.55
2026-03-10T10:00:00Z,5191.8,89.42,2233.0,1720.5,5.95,86.28,86.94
2026-03-10T11:00:00Z,5186.6,88.64,2201.9,1703.5,5.91,87.32,88.79
2026-03-10T12:00:00Z,5184.2,88.62,2203.4,1710.0,5.9,87.83,89.2
2026-03-10T13:00:00Z,5196.5,88.88,2216.5,1709.5,5.9,87.89,89.54
2026-03-10T14:00:00Z,5214.2,89.11,2211.3,1686.0,5.93,87.0,87.59
2026-03-10T15:00:00Z,5215.8,89.47,2233.8,1693.0,5.94,84.76,84.22
2026-03-10T16:00:00Z,5238.0,89.83,2230.6,1695.0,5.95,85.09,84.34
2026-03-10T17:00:00Z,5236.9,89.82,2237.4,1697.5,5.95,83.35,82.34
2026-03-10T18:00:00Z,5237.1,89.35,2237.1,1701.0,5.95,81.96,80.2
2026-03-10T19:00:00Z,5200.0,88.2,2203.0,1681.0,5.92,85.82,84.11
2026-03-10T20:00:00Z,5207.0,88.69,2206.6,1674.5,5.92,88.03,86.65
2026-03-10T21:00:00Z,5198.7,88.57,2208.0,1677.5,5.92,87.64,86.39
2026-03-10T23:00:00Z,5196.7,88.54,2199.9,1674.0,5.92,89.6,88.31
2026-03-11T00:00:00Z,5204.9,88.71,2204.6,1676.5,5.92,87.65,85.66
2026-03-11T01:00:00Z,5223.1,89.54,2221.0,1684.5,5.94,84.84,82.97
2026-03-11T02:00:00Z,5215.9,88.76,2204.6,1696.0,5.93,85.17,83.12
2026-03-11T03:00:00Z,5225.4,89.02,2206.0,1693.5,5.93,85.6,84.14
2026-03-11T04:00:00Z,5211.1,88.39,2199.6,1688.5,5.94,84.29,82.85
2026-03-11T05:00:00Z,5212.8,88.49,2203.5,1690.5,5.94,84.5,83.08
2026-03-11T06:00:00Z,5207.6,87.89,2188.2,1681.5,5.92,85.18,84.01
2026-03-11T07:00:00Z,5205.8,87.53,2186.0,1682.5,5.89,84.89,83.57
2026-03-11T08:00:00Z,5203.7,87.18,2170.4,1670.0,5.88,86.37,85.49
2026-03-11T09:00:00Z,5195.2,87.36,2174.7,1669.5,5.86,86.86,86.53
2026-03-11T10:00:00Z,5195.7,86.8,2170.5,1660.0,5.85,88.4,88.76
2026-03-11T11:00:00Z,5194.1,86.74,2189.1,1652.0,5.86,85.98,84.94
2026-03-11T12:00:00Z,5189.2,86.44,2174.2,1652.0,5.85,87.58,86.68
2026-03-11T13:00:00Z,5175.1,85.42,2193.7,1645.5,5.84,88.03,87.21
2026-03-11T14:00:00Z,5184.3,85.4,2198.6,1653.5,5.88,85.66,84.06
2026-03-11T15:00:00Z,5190.8,85.68,2205.3,1658.0,5.9,87.77,86.19
2026-03-11T16:00:00Z,5173.4,85.0,2181.9,1646.5,5.87,88.9,87.6
2026-03-11T17:00:00Z,5183.1,85.47,2204.2,1654.0,5.89,88.53,87.13
2026-03-11T18:00:00Z,5176.6,85.43,2183.2,1640.0,5.88,89.1,87.86
2026-03-11T19:00:00Z,5180.1,85.65,2178.7,1651.0,5.89,89.37,87.25
2026-03-11T20:00:00Z,5191.0,86.19,2186.7,1654.5,5.92,89.9,87.99
2026-03-11T21:00:00Z,5183.9,85.91,2173.2,1648.5,5.91,90.26,88.41
2026-03-11T23:00:00Z,5144.8,85.06,2159.0,1635.0,5.88,93.36,90.82
2026-03-12T00:00:00Z,5140.0,84.71,2147.2,1627.5,5.88,93.85,92.49
2026-03-12T01:00:00Z,5158.1,85.78,2168.6,1645.5,5.89,94.61,93.13
2026-03-12T02:00:00Z,5174.4,85.64,2175.3,1658.0,5.88,94.08,93.23
2026-03-12T03:00:00Z,5156.0,84.67,2155.9,1648.5,5.84,95.52,94.52
2026-03-12T04:00:00Z,5158.2,85.06,2165.2,1652.0,5.84,95.97,94.49
2026-03-12T05:00:00Z,5147.4,84.51,2150.0,1644.5,5.82,95.98,94.83
2026-03-12T06:00:00Z,5159.7,85.47,2159.0,1648.5,5.84,94.56,93.07
2026-03-12T07:00:00Z,5172.6,86.36,2171.6,1657.5,5.87,93.98,92.56
2026-03-12T08:00:00Z,5188.4,87.22,2196.0,1674.5,5.89,92.29,90.45
2026-03-12T09:00:00Z,5184.4,86.94,2191.0,1675.0,5.89,94.0,92.11
2026-03-12T10:00:00Z,5194.2,87.32,2197.6,1684.0,5.9,92.87,91.24
2026-03-12T11:00:00Z,5188.2,87.43,2194.9,1677.5,5.89,92.9,91.07
2026-03-12T12:00:00Z,5184.8,87.15,2196.0,1687.0,5.9,94.26,92.67
2026-03-12T13:00:00Z,5187.7,87.52,2178.8,1673.5,5.89,94.35,92.9
2026-03-12T14:00:00Z,5157.4,86.07,2147.9,1638.0,5.85,95.79,94.78
2026-03-12T15:00:00Z,5148.8,85.75,2156.1,1634.5,5.84,96.21,95.68
2026-03-12T16:00:00Z,5138.0,85.39,2151.3,1638.5,5.86,95.07,94.56
2026-03-12T17:00:00Z,5130.1,85.26,2159.5,1650.5,5.87,95.7,94.83
2026-03-12T18:00:00Z,5112.4,84.96,2144.3,1637.0,5.85,95.53,94.37
2026-03-12T19:00:00Z,5100.0,84.96,2145.4,1644.5,5.84,97.68,96.54
2026-03-12T20:00:00Z,5091.7,84.69,2138.7,1641.5,5.83,97.41,96.32
2026-03-12T21:00:00Z,5084.1,83.96,2130.7,1638.0,5.82,97.28,96.39
2026-03-12T23:00:00Z,5099.1,84.5,2145.4,1641.0,5.83,97.9,96.22
2026-03-13T00:00:00Z,5101.5,84.13,2142.7,1642.0,5.83,97.87,96.61
2026-03-13T01:00:00Z,5116.6,85.19,2158.1,1652.5,5.84,96.81,95.57
2026-03-13T02:00:00Z,5128.5,84.96,2154.5,1663.0,5.85,96.8,95.71
2026-03-13T03:00:00Z,5115.4,84.6,2147.2,1659.5,5.83,97.49,96.25
2026-03-13T04:00:00Z,5119.2,84.89,2149.7,1657.0,5.83,96.78,95.5
2026-03-13T05:00:00Z,5107.1,84.44,2134.1,1649.0,5.82,96.62,95.27
2026-03-13T06:00:00Z,5106.2,83.78,2117.5,1638.5,5.8,96.37,95.12
2026-03-13T07:00:00Z,5092.2,82.53,2092.1,1627.0,5.8,97.13,96.2
2026-03-13T08:00:00Z,5089.5,82.47,2080.8,1612.5,5.79,98.27,97.18
2026-03-13T09:00:00Z,5092.2,82.8,2073.0,1611.5,5.8,97.04,95.66
2026-03-13T10:00:00Z,5094.3,83.14,2071.2,1613.5,5.8,101.11,95.78
2026-03-13T11:00:00Z,5099.6,83.38,2073.5,1617.5,5.81,99.0,93.68
2026-03-13T12:00:00Z,5112.9,83.82,2077.1,1613.5,5.8,98.96,93.43
2026-03-13T13:00:00Z,5124.4,84.44,2101.6,1630.5,5.82,98.81,93.57
2026-03-13T14:00:00Z,5107.5,83.74,2073.4,1620.5,5.81,99.87,94.43
2026-03-13T15:00:00Z,5045.8,80.75,2033.6,1593.0,5.8,100.73,95.64
2026-03-13T16:00:00Z,5039.1,80.35,2036.6,1584.0,5.78,101.44,96.39
2026-03-13T17:00:00Z,5050.6,80.43,2042.0,1579.5,5.76,101.62,96.88
2026-03-13T18:00:00Z,5050.9,81.04,2043.1,1581.5,5.75,102.79,97.98
2026-03-13T19:00:00Z,5050.9,81.05,2039.9,1580.5,5.74,102.18,97.45
2026-03-13T20:00:00Z,5022.0,80.36,2022.5,1565.5,5.7,103.01,98.19
2026-03-13T21:00:00Z,5061.7,80.64,2024.5,1579.7,5.68,103.14,99.31
2026-03-15T23:00:00Z,5028.8,80.57,2031.0,1554.5,5.7,100.1,99.6
2026-03-16T00:00:00Z,5000.6,80.15,2014.5,1541.5,5.69,99.31,98.77
2026-03-16T01:00:00Z,5030.4,81.59,2043.1,1569.0,5.73,98.28,97.48
2026-03-16T02:00:00Z,5020.0,80.46,2036.2,1571.5,5.74,99.72,98.49
2026-03-16T03:00:00Z,5006.6,79.38,2027.6,1568.5,5.72,100.05,98.92
2026-03-16T04:00:00Z,5022.5,80.28,2052.6,1578.0,5.74,100.01,99.23
2026-03-16T05:00:00Z,5016.5,80.14,2050.1,1576.0,5.74,100.24,99.53
2026-03-16T06:00:00Z,5021.1,80.35,2054.1,1578.0,5.77,99.44,98.45
2026-03-16T07:00:00Z,5016.2,80.18,2046.2,1570.0,5.76,99.89,98.91
2026-03-16T08:00:00Z,4998.9,79.2,2046.8,1563.0,5.73,100.97,100.49
2026-03-16T09:00:00Z,4995.0,79.2,2040.8,1552.5,5.74,100.49,99.77
2026-03-16T10:00:00Z,4979.4,77.92,2028.4,1541.5,5.73,100.06,99.15
2026-03-16T11:00:00Z,5004.2,79.02,2055.5,1549.5,5.76,98.13,96.84
2026-03-16T12:00:00Z,5001.9,79.04,2051.5,1547.5,5.78,98.67,96.99
2026-03-16T13:00:00Z,5024.9,80.4,2080.8,1573.5,5.79,97.64,95.26
2026-03-16T14:00:00Z,5035.7,81.46,2110.2,1610.0,5.82,96.11,93.35
2026-03-16T15:00:00Z,5000.8,80.83,2101.4,1614.0,5.82,97.59,95.16
2026-03-16T16:00:00Z,4991.9,80.49,2086.5,1602.0,5.83,101.92,95.46
2026-03-16T17:00:00Z,4995.9,80.44,2097.4,1609.0,5.83,102.15,95.57
2026-03-16T18:00:00Z,4996.7,80.48,2099.6,1614.0,5.82,100.93,94.3
2026-03-16T19:00:00Z,5018.9,81.24,2116.3,1618.5,5.83,100.19,93.48
2026-03-16T20:00:00Z,5019.3,81.12,2115.6,1625.0,5.84,100.06,93.37
2026-03-16T21:00:00Z,5011.3,81.0,2113.2,1620.5,5.84,100.84,94.22
2026-03-16T23:00:00Z,5007.6,81.0,2113.4,1620.5,5.83,101.68,94.96
2026-03-17T00:00:00Z,5018.0,81.37,2119.5,1623.5,5.84,101.58,94.93
2026-03-17T01:00:00Z,5007.1,80.61,2108.9,1613.0,5.83,102.66,95.9
2026-03-17T02:00:00Z,5032.1,81.65,2138.0,1631.0,5.84,102.92,95.83
2026-03-17T03:00:00Z,5026.2,81.33,2145.8,1630.5,5.83,103.13,95.99
2026-03-17T04:00:00Z,5030.3,81.53,2147.1,1635.0,5.82,102.96,96.02
2026-03-17T05:00:00Z,5042.4,82.63,2161.5,1639.0,5.83,103.0,95.84
2026-03-17T06:00:00Z,5024.5,81.25,2132.1,1623.0,5.8,104.57,97.81
2026-03-17T07:00:00Z,5013.9,80.72,2121.1,1613.5,5.77,103.88,97.55
2026-03-17T08:00:00Z,5025.0,81.13,2135.8,1623.0,5.78,103.38,96.04
2026-03-17T09:00:00Z,5029.0,81.03,2134.4,1628.5,5.78,104.12,96.65
2026-03-17T10:00:00Z,5014.7,80.99,2136.6,1636.0,5.76,102.77,95.24
2026-03-17T11:00:00Z,5004.4,80.32,2126.5,1623.0,5.76,102.98,95.54
2026-03-17T12:00:00Z,5007.3,80.39,2133.8,1630.0,5.76,103.53,96.21
2026-03-17T13:00:00Z,5016.3,80.83,2133.0,1633.5,5.78,102.16,94.58
2026-03-17T14:00:00Z,5021.9,81.43,2158.6,1645.0,5.79,102.11,94.44
2026-03-17T15:00:00Z,5012.5,80.32,2132.8,1634.0,5.78,101.07,93.5
2026-03-17T16:00:00Z,5002.6,79.3,2132.6,1629.5,5.76,102.67,94.89
2026-03-17T17:00:00Z,5006.4,79.47,2134.1,1632.0,5.77,102.01,94.31
2026-03-17T18:00:00Z,5007.0,79.62,2127.5,1624.5,5.77,103.08,95.14
2026-03-17T19:00:00Z,5007.5,79.58,2124.4,1625.0,5.77,103.36,95.27
2026-03-17T20:00:00Z,5005.1,79.31,2123.5,1621.0,5.77,103.68,95.43
2026-03-17T21:00:00Z,5011.3,79.46,2123.3,1618.0,5.77,103.52,95.3
2026-03-17T23:00:00Z,5003.6,79.13,2120.0,1606.5,5.77,103.52,95.16
2026-03-18T00:00:00Z,5006.6,79.33,2121.5,1611.5,5.76,103.56,95.29
2026-03-18T01:00:00Z,5008.4,79.58,2122.6,1619.0,5.77,102.47,94.14
2026-03-18T02:00:00Z,5002.2,79.29,2109.1,1605.0,5.76,102.69,94.29
2026-03-18T03:00:00Z,4994.9,78.48,2102.2,1601.5,5.75,102.2,93.77
2026-03-18T04:00:00Z,4992.7,78.69,2101.0,1591.0,5.72,101.02,92.57
2026-03-18T05:00:00Z,4989.9,78.67,2095.3,1584.5,5.72,101.02,92.5
2026-03-18T06:00:00Z,5001.1,79.11,2099.8,1590.0,5.71,100.88,92.05
2026-03-18T07:00:00Z,5013.8,79.94,2112.4,1602.5,5.74,101.63,92.77
2026-03-18T08:00:00Z,4999.1,79.86,2095.0,1597.5,5.72,102.09,93.25
2026-03-18T09:00:00Z,4990.7,79.47,2081.5,1589.5,5.71,102.73,93.85
2026-03-18T10:00:00Z,4996.4,80.04,2097.0,1606.0,5.74,103.37,94.29
2026-03-18T11:00:00Z,4971.7,79.18,2089.8,1603.5,5.72,103.77,94.31
2026-03-18T12:00:00Z,4933.3,78.7,2080.0,1597.5,5.71,104.17,94.52
2026-03-18T13:00:00Z,4884.4,77.65,2038.2,1559.5,5.67,108.11,97.17
2026-03-18T14:00:00Z,4881.8,77.57,2061.5,1563.5,5.58,109.09,98.04
2026-03-18T15:00:00Z,4873.1,76.91,2049.5,1549.0,5.6,109.09,98.01
2026-03-18T16:00:00Z,4866.3,76.71,2049.6,1540.5,5.6,103.92,97.18
2026-03-18T17:00:00Z,4891.2,77.25,2057.5,1538.5,5.59,103.95,97.06
2026-03-18T18:00:00Z,4895.1,77.15,2061.1,1540.5,5.59,102.19,95.17
2026-03-18T19:00:00Z,4857.3,76.14,2039.6,1524.5,5.56,103.38,96.29
2026-03-18T20:00:00Z,4846.8,76.04,2025.0,1508.0,5.51,104.87,97.67
2026-03-18T21:00:00Z,4823.9,75.42,2019.1,1494.0,5.47,106.17,99.05
2026-03-18T23:00:00Z,4837.1,75.75,2024.6,1503.0,5.5,105.34,98.19
2026-03-19T00:00:00Z,4839.2,75.95,2032.3,1504.0,5.51,105.23,98.3
2026-03-19T01:00:00Z,4842.6,76.46,2036.3,1505.0,5.54,106.87,98.36
2026-03-19T02:00:00Z,4851.3,76.18,2020.9,1502.5,5.51,107.39,98.05
2026-03-19T03:00:00Z,4859.5,76.45,2023.0,1504.0,5.52,106.73,96.19
2026-03-19T04:00:00Z,4852.7,75.94,2021.5,1504.5,5.52,106.48,96.37
2026-03-19T05:00:00Z,4851.8,75.75,2029.7,1506.5,5.51,106.87,96.53
2026-03-19T06:00:00Z,4829.2,74.36,1987.0,1478.5,5.47,107.58,96.48
2026-03-19T07:00:00Z,4765.2,72.5,1953.8,1465.5,5.46,108.32,96.33
2026-03-19T08:00:00Z,4729.6,71.31,1932.5,1447.5,5.44,108.67,96.77
2026-03-19T09:00:00Z,4710.6,71.46,1922.3,1448.0,5.45,109.78,96.79
2026-03-19T10:00:00Z,4701.1,71.64,1938.0,1451.0,5.47,108.49,95.16
2026-03-19T11:00:00Z,4681.9,70.92,1929.3,1451.0,5.44,108.3,96.23
2026-03-19T12:00:00Z,4654.4,70.38,1931.9,1446.5,5.44,107.73,96.64
2026-03-19T13:00:00Z,4577.3,67.45,1872.1,1422.5,5.32,106.71,96.29
2026-03-19T14:00:00Z,4624.0,69.69,1920.1,1449.5,5.42,105.62,96.11
2026-03-19T15:00:00Z,4603.5,70.12,1928.9,1456.0,5.47,105.87,96.5
2026-03-19T16:00:00Z,4598.3,70.18,1942.1,1457.5,5.48,105.28,98.08
2026-03-19T17:00:00Z,4587.1,70.19,1942.2,1455.5,5.47,105.1,97.14
2026-03-19T18:00:00Z,4618.8,71.43,1948.1,1460.5,5.49,103.74,95.8
2026-03-19T19:00:00Z,4625.8,71.69,1953.2,1465.0,5.5,102.84,94.98
2026-03-19T20:00:00Z,4647.9,72.58,1966.5,1469.5,5.52,102.9,94.23
2026-03-19T21:00:00Z,4651.9,72.81,1968.9,1466.0,5.52,103.02,94.59
2026-03-19T23:00:00Z,4638.1,72.25,1956.8,1460.5,5.51,102.7,93.99
2026-03-20T00:00:00Z,4645.5,72.6,1962.4,1461.5,5.52,102.55,93.96
2026-03-20T01:00:00Z,4649.5,72.5,1962.2,1463.5,5.51,102.76,94.2
2026-03-20T02:00:00Z,4679.1,73.86,1995.3,1480.5,5.53,101.09,92.97
2026-03-20T03:00:00Z,4699.3,73.94,2006.2,1485.5,5.53,102.2,93.66
2026-03-20T04:00:00Z,4725.2,74.2,2012.9,1488.5,5.55,102.51,93.82
2026-03-20T05:00:00Z,4722.0,73.9,2006.6,1483.5,5.55,102.91,94.05
2026-03-20T06:00:00Z,4689.9,72.57,1984.6,1472.0,5.5,102.1,93.44
2026-03-20T07:00:00Z,4670.3,71.65,1976.2,1468.5,5.48,103.64,94.51
2026-03-20T08:00:00Z,4707.2,73.1,1996.9,1485.0,5.52,103.02,93.69
2026-03-20T09:00:00Z,4695.1,73.19,1985.7,1475.5,5.51,104.79,95.49
2026-03-20T10:00:00Z,4668.4,71.83,1955.0,1451.0,5.46,105.89,95.88
2026-03-20T11:00:00Z,4646.4,71.71,1943.1,1445.0,5.46,104.98,95.44
2026-03-20T12:00:00Z,4673.4,72.27,1964.8,1455.0,5.46,103.07,94.19
2026-03-20T13:00:00Z,4679.0,71.93,1973.1,1461.0,5.48,103.85,95.0
2026-03-20T14:00:00Z,4617.0,70.31,1970.8,1442.0,5.38,104.97,96.03
2026-03-20T15:00:00Z,4564.9,69.54,1949.3,1424.0,5.37,105.8,96.85
2026-03-20T16:00:00Z,4555.3,69.34,1956.0,1436.5,5.36,104.96,96.56
2026-03-20T17:00:00Z,4585.3,69.76,1972.0,1442.5,5.37,105.04,97.54
2026-03-20T18:00:00Z,4575.9,69.69,1961.9,1438.5,5.37,105.65,98.02
2026-03-20T19:00:00Z,4500.7,68.13,1925.8,1416.0,5.33,107.1,98.59
2026-03-20T20:00:00Z,4503.8,68.03,1921.7,1422.0,5.3,106.08,97.48
2026-03-20T21:00:00Z,4492.0,69.66,1970.5,1445.2,5.37,106.41,98.23
2026-03-22T23:00:00Z,4498.1,68.91,1923.2,1422.5,5.3,106.63,98.08
2026-03-23T00:00:00Z,4465.9,68.22,1904.6,1418.0,5.31,106.99,98.59
2026-03-23T01:00:00Z,4356.4,66.54,1866.9,1411.0,5.28,106.47,98.16
2026-03-23T02:00:00Z,4390.0,66.26,1863.9,1405.0,5.32,107.11,98.58
2026-03-23T03:00:00Z,4362.3,65.33,1841.4,1382.0,5.33,107.73,98.89
2026-03-23T04:00:00Z,4355.3,65.4,1838.0,1382.5,5.3,107.93,99.2
2026-03-23T05:00:00Z,4370.9,66.2,1845.1,1389.5,5.31,107.84,98.89
2026-03-23T06:00:00Z,4314.1,63.98,1815.5,1366.0,5.29,107.54,98.49
2026-03-23T07:00:00Z,4225.1,63.02,1766.4,1349.5,5.28,108.8,100.57
2026-03-23T08:00:00Z,4205.7,64.08,1783.3,1352.0,5.26,109.08,101.1
2026-03-23T09:00:00Z,4251.7,64.59,1789.3,1381.5,5.32,108.92,99.34
2026-03-23T10:00:00Z,4254.5,63.71,1775.9,1368.0,5.32,108.55,98.89
2026-03-23T11:00:00Z,4270.0,64.26,1795.5,1381.0,5.32,108.26,98.59
2026-03-23T12:00:00Z,4379.2,67.46,1843.1,1421.0,5.42,101.22,92.5
2026-03-23T13:00:00Z,4480.6,69.64,1895.5,1463.5,5.49,101.18,89.4
2026-03-23T14:00:00Z,4457.6,69.19,1883.5,1451.0,5.48,100.89,89.14
2026-03-23T15:00:00Z,4463.5,70.25,1893.8,1460.0,5.5,101.05,89.25
2026-03-23T16:00:00Z,4365.6,68.04,1838.5,1414.5,5.46,102.44,90.5
2026-03-23T17:00:00Z,4378.1,69.02,1858.0,1431.5,5.47,101.24,89.65
2026-03-23T18:00:00Z,4428.8,69.78,1870.3,1439.0,5.5,100.21,88.68
2026-03-23T19:00:00Z,4451.0,70.06,1881.0,1445.5,5.51,98.91,87.72
2026-03-23T20:00:00Z,4401.5,69.11,1869.4,1437.0,5.48,99.81,88.71
2026-03-23T21:00:00Z,4410.4,69.32,1874.4,1439.0,5.49,100.49,88.87
2026-03-23T23:00:00Z,4429.9,69.83,1882.8,1439.5,5.5,100.49,89.13
2026-03-24T00:00:00Z,4442.8,69.95,1891.1,1441.0,5.49,100.78,89.45
2026-03-24T01:00:00Z,4366.9,68.44,1861.4,1424.0,5.46,101.92,90.41
2026-03-24T02:00:00Z,4323.4,67.0,1836.2,1409.5,5.41,103.43,91.53
2026-03-24T03:00:00Z,4366.9,67.64,1840.0,1416.5,5.42,103.77,91.26
2026-03-24T04:00:00Z,4346.8,67.02,1828.5,1408.0,5.4,104.04,91.66
2026-03-24T05:00:00Z,4334.0,66.88,1831.5,1404.0,5.39,103.77,91.52
2026-03-24T06:00:00Z,4349.5,67.64,1838.9,1407.5,5.37,103.43,91.58
2026-03-24T07:00:00Z,4403.8,69.28,1869.9,1421.0,5.42,102.58,90.84
2026-03-24T08:00:00Z,4420.2,70.27,1877.4,1437.5,5.42,97.11,89.44
2026-03-24T09:00:00Z,4413.5,69.86,1868.1,1426.0,5.4,98.1,90.54
2026-03-24T10:00:00Z,4427.7,70.32,1890.4,1428.0,5.4,101.55,90.4
2026-03-24T11:00:00Z,4439.7,70.47,1900.9,1431.5,5.41,101.46,90.37
2026-03-24T12:00:00Z,4408.0,70.22,1890.5,1415.0,5.42,102.26,90.87
2026-03-24T13:00:00Z,4378.7,68.59,1871.5,1400.5,5.39,102.98,91.8
2026-03-24T14:00:00Z,4382.5,68.53,1874.1,1401.0,5.42,103.25,92.07
2026-03-24T15:00:00Z,4416.3,69.86,1889.2,1425.0,5.45,102.62,91.16
2026-03-24T16:00:00Z,4412.8,69.76,1892.1,1423.5,5.45,103.86,92.23
2026-03-24T17:00:00Z,4422.2,69.99,1900.6,1429.0,5.46,104.19,92.64
2026-03-24T18:00:00Z,4388.3,69.53,1886.3,1415.0,5.44,103.53,91.76
2026-03-24T19:00:00Z,4390.9,69.57,1886.8,1420.0,5.45,104.1,91.76
2026-03-24T20:00:00Z,4400.9,69.74,1885.4,1418.0,5.45,103.79,91.9
2026-03-24T21:00:00Z,4474.9,71.44,1920.5,1444.5,5.56,100.04,88.39
2026-03-24T23:00:00Z,4487.7,71.94,1928.8,1448.0,5.53,100.14,88.78
2026-03-25T00:00:00Z,4549.2,73.14,1943.8,1453.0,5.55,100.35,88.86
2026-03-25T01:00:00Z,4564.9,73.96,1964.8,1472.0,5.56,98.45,87.79
2026-03-25T02:00:00Z,4593.2,74.1,1978.1,1473.0,5.53,97.9,87.59
2026-03-25T03:00:00Z,4581.9,73.67,1958.7,1464.0,5.52,99.56,89.0
2026-03-25T04:00:00Z,4567.8,73.54,1960.0,1464.0,5.53,99.79,88.94
2026-03-25T05:00:00Z,4571.2,73.62,1961.4,1467.5,5.54,99.09,88.33
2026-03-25T06:00:00Z,4555.0,73.26,1952.6,1464.0,5.52,100.42,89.17
2026-03-25T07:00:00Z,4543.8,73.21,1945.7,1461.0,5.52,100.24,89.22
2026-03-25T08:00:00Z,4539.0,73.08,1938.6,1456.0,5.51,95.54,88.37
2026-03-25T09:00:00Z,4555.6,73.25,1952.8,1469.5,5.53,95.0,87.63
2026-03-25T10:00:00Z,4550.4,72.86,1947.0,1461.5,5.54,95.11,87.75
2026-03-25T11:00:00Z,4557.1,73.13,1957.4,1462.5,5.54,94.26,87.09
2026-03-25T12:00:00Z,4577.4,73.32,1957.0,1468.0,5.55,94.47,87.26
2026-03-25T13:00:00Z,4542.4,72.88,1944.1,1445.5,5.53,95.69,88.46
2026-03-25T14:00:00Z,4543.3,72.39,1936.0,1437.0,5.52,95.97,88.69
2026-03-25T15:00:00Z,4565.3,73.22,1955.9,1447.5,5.56,96.28,89.02
2026-03-25T16:00:00Z,4557.4,72.78,1938.6,1434.5,5.54,97.29,90.34
2026-03-25T17:00:00Z,4553.4,72.82,1921.5,1431.5,5.56,96.84,90.19
2026-03-25T18:00:00Z,4548.2,72.56,1931.8,1433.0,5.55,97.0,90.31
2026-03-25T19:00:00Z,4535.7,72.21,1918.6,1424.5,5.54,98.07,91.21
2026-03-25T20:00:00Z,4528.7,72.24,1926.5,1429.0,5.53,97.84,90.95
2026-03-25T21:00:00Z,4503.3,71.44,1910.0,1418.5,5.52,98.05,91.29
2026-03-25T23:00:00Z,4513.9,71.33,1918.5,1425.0,5.52,97.92,91.0
2026-03-26T00:00:00Z,4495.3,70.83,1907.6,1413.5,5.52,97.85,91.08
2026-03-26T01:00:00Z,4533.3,72.17,1928.1,1431.5,5.53,98.01,91.24
2026-03-26T02:00:00Z,4532.0,72.05,1922.4,1431.0,5.51,98.2,91.27
2026-03-26T03:00:00Z,4505.2,71.5,1898.0,1414.0,5.49,98.68,91.9
2026-03-26T04:00:00Z,4510.2,71.82,1911.0,1423.5,5.48,98.45,91.72
2026-03-26T05:00:00Z,4516.9,71.92,1913.0,1427.0,5.48,98.69,92.07
2026-03-26T06:00:00Z,4435.0,69.51,1864.5,1394.5,5.46,99.11,92.34
2026-03-26T07:00:00Z,4452.9,70.13,1876.1,1402.5,5.5,98.96,92.31
2026-03-26T08:00:00Z,4449.4,69.46,1872.8,1400.0,5.49,99.81,93.08
2026-03-26T09:00:00Z,4424.8,68.32,1872.4,1396.0,5.51,100.43,93.66
2026-03-26T10:00:00Z,4421.3,68.19,1866.5,1391.5,5.51,100.42,93.51
2026-03-26T11:00:00Z,4440.2,68.22,1865.7,1390.5,5.52,100.46,93.25
2026-03-26T12:00:00Z,4419.7,67.43,1850.0,1373.5,5.51,101.84,94.66
2026-03-26T13:00:00Z,4426.8,67.57,1831.0,1360.5,5.5,101.79,94.43
2026-03-26T14:00:00Z,4450.1,69.38,1850.2,1376.0,5.53,100.53,92.86
2026-03-26T15:00:00Z,4461.9,69.27,1851.9,1364.0,5.52,101.29,93.7
2026-03-26T16:00:00Z,4434.0,68.65,1865.3,1364.0,5.5,101.87,94.59
2026-03-26T17:00:00Z,4385.3,67.85,1854.3,1357.5,5.47,101.85,94.71
2026-03-26T18:00:00Z,4377.6,67.39,1839.1,1350.5,5.46,102.39,95.24
2026-03-26T19:00:00Z,4391.0,67.68,1832.5,1356.0,5.47,101.46,94.32
2026-03-26T20:00:00Z,4361.3,67.29,1822.5,1349.0,5.45,101.38,94.1
2026-03-26T21:00:00Z,4376.9,68.12,1829.5,1365.0,5.47,101.26,93.79
2026-03-26T23:00:00Z,4406.5,69.0,1845.5,1383.5,5.49,101.05,93.24
2026-03-27T00:00:00Z,4400.3,68.71,1841.9,1389.0,5.49,100.84,93.25
2026-03-27T01:00:00Z,4374.0,67.6,1823.3,1368.5,5.47,101.4,94.08
2026-03-27T02:00:00Z,4411.4,68.7,1862.1,1390.5,5.5,100.42,93.06
2026-03-27T03:00:00Z,4426.1,68.63,1865.9,1394.5,5.51,100.61,93.4
2026-03-27T04:00:00Z,4432.0,69.39,1884.6,1403.5,5.54,100.87,93.46
2026-03-27T05:00:00Z,4440.9,69.7,1889.5,1407.0,5.54,101.3,93.82
2026-03-27T06:00:00Z,4448.9,69.55,1890.5,1407.5,5.54,101.57,94.07
2026-03-27T07:00:00Z,4453.6,69.87,1898.6,1406.5,5.53,101.95,94.35
2026-03-27T08:00:00Z,4475.2,69.6,1880.5,1400.0,5.51,102.58,95.07
2026-03-27T09:00:00Z,4452.1,68.81,1865.1,1384.5,5.5,103.31,96.1
2026-03-27T10:00:00Z,4457.2,68.64,1864.3,1386.5,5.48,103.36,96.1
2026-03-27T11:00:00Z,4442.8,68.2,1844.4,1379.0,5.47,104.46,97.04
2026-03-27T12:00:00Z,4447.5,67.93,1838.0,1374.0,5.47,104.03,96.64
2026-03-27T13:00:00Z,4465.4,68.06,1838.4,1382.5,5.47,103.87,96.77
2026-03-27T14:00:00Z,4458.6,68.07,1833.2,1376.0,5.48,104.13,97.76
2026-03-27T15:00:00Z,4540.1,70.46,1880.2,1406.5,5.51,103.79,98.18
2026-03-27T16:00:00Z,4554.4,70.89,1889.6,1410.0,5.51,104.38,97.99
2026-03-27T17:00:00Z,4546.5,70.5,1889.3,1405.5,5.5,104.59,98.81
2026-03-27T18:00:00Z,4515.5,69.64,1872.0,1390.5,5.47,104.99,98.59
2026-03-27T19:00:00Z,4546.1,70.3,1878.5,1393.0,5.47,104.94,99.17
2026-03-27T20:00:00Z,4543.1,70.11,1875.4,1394.0,5.47,105.6,99.66
2026-03-27T21:00:00Z,4521.3,69.76,1867.1,1406.1,5.46,106.87,101.18
2026-03-29T23:00:00Z,4512.3,68.72,1847.0,1370.0,5.42,107.64,102.12
2026-03-30T00:00:00Z,4476.9,68.19,1832.9,1365.5,5.43,108.5,102.79
2026-03-30T01:00:00Z,4461.2,68.39,1843.1,1378.0,5.45,109.29,103.02
2026-03-30T02:00:00Z,4498.5,68.82,1877.5,1403.5,5.46,108.28,101.98
2026-03-30T03:00:00Z,4510.9,69.18,1895.6,1407.0,5.48,108.03,101.67
2026-03-30T04:00:00Z,4528.1,69.95,1912.0,1419.0,5.5,107.84,101.62
2026-03-30T05:00:00Z,4526.8,70.19,1911.5,1423.0,5.5,108.11,101.47
2026-03-30T06:00:00Z,4551.5,70.64,1923.2,1424.0,5.51,107.85,100.85
2026-03-30T07:00:00Z,4560.0,70.46,1914.5,1419.0,5.51,108.44,101.59
2026-03-30T08:00:00Z,4555.2,70.64,1923.8,1427.0,5.52,108.6,101.69
2026-03-30T09:00:00Z,4566.9,70.97,1926.4,1429.0,5.51,107.63,101.07
2026-03-30T10:00:00Z,4562.0,71.14,1929.2,1427.0,5.52,107.76,101.59
2026-03-30T11:00:00Z,4561.2,70.79,1918.4,1425.0,5.51,107.99,101.7
2026-03-30T12:00:00Z,4589.0,71.39,1917.2,1436.5,5.53,107.65,101.11
2026-03-30T13:00:00Z,4599.6,71.48,1918.0,1433.5,5.53,107.05,100.68
2026-03-30T14:00:00Z,4553.7,70.33,1887.4,1410.0,5.49,108.36,102.4
2026-03-30T15:00:00Z,4569.2,71.1,1906.1,1425.0,5.51,107.7,102.07
2026-03-30T16:00:00Z,4578.1,71.17,1914.2,1429.0,5.51,107.56,102.97
2026-03-30T17:00:00Z,4569.5,70.68,1904.1,1433.5,5.5,107.33,102.93
2026-03-30T18:00:00Z,4544.8,70.56,1895.6,1421.5,5.5,107.75,103.37
2026-03-30T19:00:00Z,4528.8,70.02,1892.7,1420.0,5.49,107.74,103.32
2026-03-30T20:00:00Z,4543.2,70.29,1895.6,1419.0,5.49,108.28,104.13
2026-03-30T21:00:00Z,4540.4,70.18,1892.9,1413.5,5.49,108.79,105.01
2026-03-30T23:00:00Z,4539.4,70.07,1893.6,1420.0,5.48,109.27,105.57
2026-03-31T00:00:00Z,4542.1,70.04,1889.2,1412.0,5.48,109.47,106.21
2026-03-31T01:00:00Z,4576.6,70.79,1902.1,1427.5,5.51,108.04,104.07
2026-03-31T02:00:00Z,4635.5,73.14,1941.3,1448.5,5.54,105.42,101.68
2026-03-31T03:00:00Z,4597.8,72.17,1913.4,1431.0,5.52,106.18,102.24
2026-03-31T04:00:00Z,4584.9,72.18,1906.7,1430.5,5.5,107.35,103.0
2026-03-31T05:00:00Z,4592.9,72.4,1914.5,1434.5,5.5,107.16,102.8
2026-03-31T06:00:00Z,4597.0,72.34,1919.7,1434.0,5.51,107.02,102.72
2026-03-31T07:00:00Z,4586.4,72.22,1913.5,1436.5,5.51,106.84,102.66
2026-03-31T08:00:00Z,4594.7,73.26,1940.1,1447.5,5.53,106.45,102.03
2026-03-31T09:00:00Z,4599.0,73.32,1925.7,1444.5,5.52,106.68,102.46
2026-03-31T10:00:00Z,4585.3,73.0,1921.7,1449.0,5.51,107.94,104.2
2026-03-31T11:00:00Z,4576.6,72.86,1918.9,1451.0,5.52,107.99,104.82
2026-03-31T12:00:00Z,4612.8,73.32,1917.9,1473.5,5.54,107.02,102.82
2026-03-31T13:00:00Z,4604.5,73.0,1912.8,1449.0,5.55,107.48,103.16
2026-03-31T14:00:00Z,4637.3,73.56,1928.0,1462.0,5.55,106.8,102.47
2026-03-31T15:00:00Z,4628.7,73.35,1923.5,1450.0,5.56,108.02,104.29
2026-03-31T16:00:00Z,4640.0,73.88,1930.5,1460.0,5.57,107.25,104.61
2026-03-31T17:00:00Z,4669.1,74.82,1955.7,1486.5,5.61,104.63,101.83
2026-03-31T18:00:00Z,4685.5,75.04,1962.3,1488.5,5.6,104.79,102.43
2026-03-31T19:00:00Z,4698.2,75.2,1968.8,1492.0,5.62,104.72,102.34
2026-03-31T20:00:00Z,4713.3,75.54,1967.6,1492.0,5.63,104.34,102.08
2026-03-31T21:00:00Z,4699.6,75.35,1962.3,1488.5,5.65,103.28,101.56
2026-03-31T23:00:00Z,4709.7,75.49,1959.3,1490.0,5.65,104.58,102.2
2026-04-01T00:00:00Z,4723.6,75.19,1972.0,1495.5,5.64,103.7,101.61
2026-04-01T01:00:00Z,4738.8,75.43,1984.3,1500.5,5.64,104.41,102.14
2026-04-01T02:00:00Z,4718.8,74.83,1974.9,1487.5,5.64,105.8,102.98
2026-04-01T03:00:00Z,4711.1,74.28,1954.3,1476.5,5.64,105.6,103.18
2026-04-01T04:00:00Z,4707.0,74.24,1953.6,1476.0,5.63,105.22,102.91
2026-04-01T05:00:00Z,4702.7,74.4,1958.9,1479.5,5.63,104.73,102.56
2026-04-01T06:00:00Z,4710.3,74.33,1953.2,1475.0,5.62,103.15,101.28
2026-04-01T07:00:00Z,4757.4,75.54,1986.2,1498.0,5.66,98.89,96.98
2026-04-01T08:00:00Z,4739.4,74.19,1951.5,1473.0,5.64,101.13,98.36
2026-04-01T09:00:00Z,4755.8,74.62,1967.2,1483.0,5.65,102.45,99.32
2026-04-01T10:00:00Z,4750.5,74.64,1966.3,1479.0,5.62,103.67,100.06
2026-04-01T11:00:00Z,4758.7,75.05,1971.7,1487.5,5.63,103.01,99.98
2026-04-01T12:00:00Z,4780.2,75.33,1976.1,1489.0,5.62,101.67,98.8
2026-04-01T13:00:00Z,4752.1,74.83,1962.1,1478.5,5.6,102.51,100.58
2026-04-01T14:00:00Z,4765.4,74.86,1955.4,1467.0,5.6,101.23,98.96
2026-04-01T15:00:00Z,4788.4,75.58,1979.5,1492.0,5.62,101.3,99.07
2026-04-01T16:00:00Z,4814.4,75.85,1987.9,1504.0,5.63,101.92,99.73
2026-04-01T17:00:00Z,4815.0,76.0,1984.8,1494.0,5.65,101.59,100.03
2026-04-01T18:00:00Z,4801.4,76.01,1980.8,1493.0,5.64,100.5,99.31
2026-04-01T19:00:00Z,4779.5,75.3,1961.2,1483.0,5.61,101.18,99.83
2026-04-01T20:00:00Z,4791.7,75.34,1966.2,1485.5,5.62,100.9,99.52
2026-04-01T21:00:00Z,4784.6,75.2,1965.5,1481.5,5.62,100.3,98.91
2026-04-01T23:00:00Z,4801.1,75.42,1963.9,1483.5,5.62,100.67,99.05
2026-04-02T00:00:00Z,4808.9,75.4,1970.0,1488.0,5.62,100.58,98.94
2026-04-02T01:00:00Z,4810.4,75.6,1985.9,1496.5,5.64,99.45,98.03
2026-04-02T02:00:00Z,4723.8,73.06,1930.6,1455.0,5.58,105.97,104.17
2026-04-02T03:00:00Z,4715.1,72.35,1926.2,1450.0,5.56,105.85,103.8
2026-04-02T04:00:00Z,4707.1,72.3,1925.2,1446.0,5.55,106.85,104.72
2026-04-02T05:00:00Z,4698.9,72.06,1919.9,1446.5,5.56,107.12,104.96
2026-04-02T06:00:00Z,4622.1,70.77,1891.6,1437.0,5.54,107.98,106.14
2026-04-02T07:00:00Z,4625.0,70.72,1898.3,1442.0,5.55,107.73,106.1
2026-04-02T08:00:00Z,4668.2,71.62,1904.2,1460.5,5.57,107.79,106.24
2026-04-02T09:00:00Z,4646.1,71.26,1915.7,1468.0,5.56,108.87,107.23
2026-04-02T10:00:00Z,4647.3,71.08,1914.3,1466.0,5.55,108.33,107.67
2026-04-02T11:00:00Z,4646.7,71.0,1921.5,1464.5,5.55,109.24,108.41
2026-04-02T12:00:00Z,4626.2,70.74,1909.4,1450.5,5.52,109.14,109.76
2026-04-02T13:00:00Z,4628.1,70.18,1909.5,1464.5,5.53,108.82,113.14
2026-04-02T14:00:00Z,4672.9,71.45,1948.1,1485.5,5.57,108.3,111.03
2026-04-02T15:00:00Z,4707.9,72.71,1985.0,1517.0,5.61,106.35,108.81
2026-04-02T16:00:00Z,4687.5,71.98,1979.1,1501.0,5.59,107.65,111.51
2026-04-02T17:00:00Z,4686.5,72.46,1987.3,1506.0,5.58,107.79,111.0
2026-04-02T18:00:00Z,4675.7,72.4,1980.7,1504.5,5.59,108.7,111.71
2026-04-02T19:00:00Z,4695.2,72.83,1993.6,1514.5,5.6,108.28,111.13
2026-04-02T20:00:00Z,4697.9,72.78,2000.0,1516.0,5.63,108.45,111.47
2026-04-02T21:00:00Z,4701.3,73.17,1999.9,1513.5,5.68,109.05,112.06
2026-04-05T23:00:00Z,4673.6,72.2,1968.2,1501.0,5.64,111.23,113.69
2026-04-06T00:00:00Z,4636.8,71.8,1970.0,1500.0,5.64,111.65,114.31
2026-04-06T01:00:00Z,4647.9,72.39,1984.2,1509.5,5.64,110.64,112.2
2026-04-06T02:00:00Z,4651.8,72.04,1973.5,1508.0,5.62,110.62,111.8
2026-04-06T03:00:00Z,4673.6,72.47,1976.7,1514.0,5.62,110.02,111.51
2026-04-06T04:00:00Z,4666.3,72.1,1971.3,1507.0,5.61,109.78,111.29
2026-04-06T05:00:00Z,4685.1,72.58,1976.4,1514.5,5.62,109.76,111.41
2026-04-06T06:00:00Z,4678.5,72.34,1977.9,1511.5,5.62,109.8,111.74
2026-04-06T07:00:00Z,4691.7,72.64,1986.1,1518.5,5.62,109.34,110.87
2026-04-06T08:00:00Z,4710.5,72.64,1989.1,1524.0,5.61,108.09,109.42
2026-04-06T09:00:00Z,4722.8,73.3,2006.5,1526.0,5.66,107.88,109.49
2026-04-06T10:00:00Z,4719.9,73.28,1996.2,1517.5,5.66,108.65,111.46
2026-04-06T11:00:00Z,4715.3,73.4,2001.5,1516.0,5.65,107.99,109.94
2026-04-06T12:00:00Z,4704.6,73.43,2006.3,1516.5,5.67,108.65,110.12
2026-04-06T13:00:00Z,4701.5,73.22,1999.1,1507.0,5.64,108.42,110.16
2026-04-06T14:00:00Z,4705.6,72.82,1975.3,1487.5,5.61,109.22,111.95
2026-04-06T15:00:00Z,4708.6,72.86,1980.0,1490.5,5.58,108.83,110.96
2026-04-06T16:00:00Z,4693.4,72.68,1979.8,1493.0,5.59,109.53,111.89
2026-04-06T17:00:00Z,4685.6,72.66,1980.7,1492.0,5.6,109.54,112.25
2026-04-06T18:00:00Z,4680.6,72.75,1976.8,1488.0,5.6,111.05,114.07
2026-04-06T19:00:00Z,4685.2,73.26,1988.4,1495.0,5.61,109.78,112.22
2026-04-06T20:00:00Z,4682.2,73.12,1987.5,1491.5,5.61,109.54,112.46
2026-04-06T21:00:00Z,4676.1,72.82,1985.6,1491.0,5.61,109.63,112.61
2026-04-06T23:00:00Z,4685.1,73.01,1986.2,1492.5,5.61,109.97,113.37
2026-04-07T00:00:00Z,4685.9,72.97,1983.6,1492.0,5.61,110.32,113.84
2026-04-07T01:00:00Z,4681.9,72.72,1980.6,1489.0,5.61,110.23,113.32
2026-04-07T02:00:00Z,4651.9,72.21,1960.0,1482.5,5.62,111.24,114.92
2026-04-07T03:00:00Z,4675.9,72.71,1965.1,1486.0,5.62,111.07,114.96
2026-04-07T04:00:00Z,4674.9,72.81,1967.2,1489.0,5.62,111.49,115.6
2026-04-07T05:00:00Z,4686.4,73.24,1975.3,1491.5,5.62,111.16,115.44
2026-04-07T06:00:00Z,4668.0,72.33,1961.0,1477.0,5.62,111.19,115.27
2026-04-07T07:00:00Z,4680.5,72.43,1967.3,1484.5,5.62,111.21,114.86
2026-04-07T08:00:00Z,4671.1,72.39,1970.4,1487.5,5.63,111.68,115.37
2026-04-07T09:00:00Z,4709.6,73.02,1990.4,1509.5,5.63,109.59,112.69
2026-04-07T10:00:00Z,4696.6,72.92,1976.8,1498.0,5.62,109.11,112.55
2026-04-07T11:00:00Z,4677.5,72.22,1955.7,1469.5,5.59,110.43,114.2
2026-04-07T12:00:00Z,4684.6,72.25,1951.7,1469.0,5.58,110.86,115.82
2026-04-07T13:00:00Z,4676.1,71.99,1950.5,1476.5,5.59,110.68,115.07
2026-04-07T14:00:00Z,4668.6,71.32,1928.6,1462.5,5.56,110.64,116.22
2026-04-07T15:00:00Z,4658.1,70.62,1916.8,1433.5,5.55,110.92,116.39
2026-04-07T16:00:00Z,4681.3,71.52,1931.5,1444.0,5.57,109.44,114.98
2026-04-07T17:00:00Z,4682.4,71.7,1941.5,1457.5,5.56,109.91,115.14
2026-04-07T18:00:00Z,4701.7,72.21,1951.4,1463.5,5.56,110.1,113.92
2026-04-07T19:00:00Z,4688.5,71.49,1941.6,1458.0,5.54,109.92,115.12
2026-04-07T20:00:00Z,4727.3,73.0,1963.5,1473.5,5.58,107.12,112.23
2026-04-07T21:00:00Z,4733.3,73.11,1966.7,1476.5,5.59,105.47,110.34
2026-04-07T23:00:00Z,4845.1,76.51,2022.7,1513.5,5.68,95.0,98.78
2026-04-08T00:00:00Z,4860.7,76.8,2039.0,1523.5,5.68,94.93,96.46
2026-04-08T01:00:00Z,4845.6,76.86,2041.8,1537.5,5.69,94.39,96.93
2026-04-08T02:00:00Z,4838.6,76.71,2032.9,1535.0,5.71,94.89,96.72
2026-04-08T03:00:00Z,4833.4,76.55,2026.8,1534.5,5.72,95.44,96.43
2026-04-08T04:00:00Z,4828.2,76.46,2030.6,1533.0,5.7,94.7,96.48
2026-04-08T05:00:00Z,4832.7,76.82,2041.3,1538.0,5.71,95.0,96.73
2026-04-08T06:00:00Z,4855.5,77.45,2047.0,1549.5,5.73,93.87,95.76
2026-04-08T07:00:00Z,4846.6,77.31,2045.6,1551.5,5.76,93.9,95.88
2026-04-08T08:00:00Z,4839.7,77.08,2042.5,1537.0,5.73,94.7,95.97
2026-04-08T09:00:00Z,4821.8,77.03,2039.0,1534.0,5.76,94.34,94.92
2026-04-08T10:00:00Z,4810.2,76.8,2045.1,1530.0,5.74,94.32,94.64
2026-04-08T11:00:00Z,4809.7,76.93,2050.0,1537.0,5.74,94.12,94.93
2026-04-08T12:00:00Z,4826.4,77.42,2094.0,1619.0,5.75,92.4,93.25
2026-04-08T13:00:00Z,4827.1,77.64,2086.5,1611.0,5.76,91.19,92.57
2026-04-08T14:00:00Z,4804.1,76.61,2070.6,1617.0,5.76,92.14,93.25
2026-04-08T15:00:00Z,4762.2,74.95,2051.9,1592.0,5.74,94.58,95.58
2026-04-08T16:00:00Z,4782.0,75.61,2059.5,1588.5,5.75,94.7,94.94
2026-04-08T17:00:00Z,4785.9,75.64,2066.5,1601.5,5.78,94.49,94.42
2026-04-08T18:00:00Z,4759.5,75.26,2072.9,1591.5,5.77,95.07,95.32
2026-04-08T19:00:00Z,4730.1,73.7,2044.1,1575.0,5.75,95.66,95.43
2026-04-08T20:00:00Z,4755.3,74.64,2057.3,1581.5,5.76,96.26,96.09
2026-04-08T21:00:00Z,4745.0,74.25,2046.5,1575.0,5.75,96.26,96.5
2026-04-08T23:00:00Z,4741.5,74.19,2047.7,1574.5,5.74,96.82,96.8
2026-04-09T00:00:00Z,4738.8,73.79,2039.2,1575.0,5.75,97.08,97.13
2026-04-09T01:00:00Z,4730.4,73.59,2038.8,1570.5,5.74,97.85,97.67
2026-04-09T02:00:00Z,4751.2,73.9,2030.0,1562.0,5.72,96.9,96.95
2026-04-09T03:00:00Z,4742.1,73.84,2029.4,1558.0,5.72,96.9,97.24
2026-04-09T04:00:00Z,4735.0,74.07,2026.7,1562.5,5.72,96.62,97.19
2026-04-09T05:00:00Z,4744.2,74.12,2030.6,1565.0,5.72,97.36,97.77
2026-04-09T06:00:00Z,4736.4,74.07,2022.5,1564.0,5.72,96.78,97.37
2026-04-09T07:00:00Z,4736.3,74.03,2019.9,1569.0,5.73,96.89,97.04
2026-04-09T08:00:00Z,4748.4,74.15,2022.3,1568.5,5.71,98.4,97.68
2026-04-09T09:00:00Z,4750.5,74.15,2027.1,1574.0,5.71,98.19,97.89
2026-04-09T10:00:00Z,4753.9,74.11,2039.5,1578.0,5.7,97.91,97.65
2026-04-09T11:00:00Z,4765.7,74.1,2041.1,1575.5,5.7,98.68,99.6
2026-04-09T12:00:00Z,4781.3,74.69,2062.6,1588.5,5.71,97.89,98.88
2026-04-09T13:00:00Z,4770.9,74.49,2050.2,1568.5,5.73,98.39,99.36
2026-04-09T14:00:00Z,4789.6,75.12,2066.2,1560.5,5.75,98.6,100.64
2026-04-09T15:00:00Z,4794.0,74.97,2070.0,1550.5,5.74,99.17,101.9
2026-04-09T16:00:00Z,4817.4,75.96,2117.2,1572.0,5.76,96.69,99.16
2026-04-09T17:00:00Z,4813.0,76.12,2114.3,1568.0,5.76,95.72,97.43
2026-04-09T18:00:00Z,4822.3,76.69,2128.7,1580.5,5.77,94.95,96.33
2026-04-09T19:00:00Z,4796.6,75.92,2120.1,1568.5,5.76,96.35,98.41
2026-04-09T20:00:00Z,4793.0,75.72,2121.8,1569.0,5.76,97.3,99.3
2026-04-09T21:00:00Z,4790.5,75.47,2115.5,1563.5,5.76,96.44,97.98
2026-04-09T23:00:00Z,4787.6,75.5,2102.1,1558.0,5.75,96.95,99.0
2026-04-10T00:00:00Z,4787.0,75.53,2102.8,1556.5,5.75,96.68,98.62
2026-04-10T01:00:00Z,4786.4,75.59,2094.3,1558.5,5.75,96.91,98.91
2026-04-10T02:00:00Z,4787.3,75.63,2090.6,1568.0,5.78,96.5,98.61
2026-04-10T03:00:00Z,4775.5,75.69,2078.5,1557.0,5.77,96.47,98.75
2026-04-10T04:00:00Z,4789.1,75.95,2080.3,1561.0,5.78,96.17,97.79
2026-04-10T05:00:00Z,4781.8,75.89,2079.4,1561.0,5.78,96.66,98.41
2026-04-10T06:00:00Z,4789.9,76.1,2085.9,1574.0,5.8,96.82,98.62
2026-04-10T07:00:00Z,4769.7,75.44,2069.1,1557.5,5.78,96.89,98.64
2026-04-10T08:00:00Z,4773.0,75.41,2071.4,1561.0,5.8,97.69,99.67
2026-04-10T09:00:00Z,4763.1,74.99,2054.0,1544.5,5.78,98.03,100.27
2026-04-10T10:00:00Z,4774.6,75.52,2066.6,1553.0,5.81,96.52,98.56
2026-04-10T11:00:00Z,4780.7,75.68,2070.1,1546.5,5.81,95.91,98.0
2026-04-10T12:00:00Z,4792.0,75.79,2081.1,1544.0,5.87,95.96,98.09
2026-04-10T13:00:00Z,4795.5,76.07,2080.2,1541.5,5.89,95.88,98.18
2026-04-10T14:00:00Z,4799.3,76.49,2070.0,1540.5,5.9,96.06,98.4
2026-04-10T15:00:00Z,4799.3,76.46,2072.2,1540.5,5.93,95.8,98.51
2026-04-10T16:00:00Z,4785.8,76.1,2057.1,1533.5,5.87,97.07,99.19
2026-04-10T17:00:00Z,4788.1,76.36,2063.9,1539.0,5.88,96.78,98.2
2026-04-10T18:00:00Z,4784.5,76.36,2066.8,1541.5,5.88,96.47,97.98
2026-04-10T19:00:00Z,4789.5,76.54,2066.8,1539.0,5.88,94.6,96.34
2026-04-10T20:00:00Z,4783.6,76.54,2058.0,1540.5,5.87,94.65,96.21
2026-04-10T21:00:00Z,4771.0,76.48,2065.2,1538.0,5.87,95.2,95.55
2026-04-12T23:00:00Z,4680.6,73.54,2009.5,1514.0,5.78,102.48,104.55
2026-04-13T00:00:00Z,4693.6,73.82,2014.1,1515.0,5.8,103.14,104.72
2026-04-13T01:00:00Z,4718.0,74.53,2028.2,1548.0,5.81,102.42,104.1
2026-04-13T02:00:00Z,4743.1,74.43,2045.7,1542.0,5.81,101.72,104.31
2026-04-13T03:00:00Z,4742.0,74.36,2047.2,1547.5,5.82,102.19,104.9
2026-04-13T04:00:00Z,4741.6,74.47,2046.8,1544.5,5.81,102.12,104.85
2026-04-13T05:00:00Z,4744.7,74.52,2051.1,1546.5,5.82,102.08,104.77
2026-04-13T06:00:00Z,4751.1,74.75,2056.3,1546.0,5.84,101.98,104.32
2026-04-13T07:00:00Z,4747.9,74.53,2053.6,1543.0,5.87,101.43,103.27
2026-04-13T08:00:00Z,4756.4,74.85,2057.0,1550.0,5.87,101.98,103.69
2026-04-13T09:00:00Z,4746.3,74.5,2046.0,1545.5,5.86,102.78,104.61
2026-04-13T10:00:00Z,4737.4,74.46,2040.9,1542.0,5.85,102.54,104.51
2026-04-13T11:00:00Z,4744.2,74.49,2044.8,1542.0,5.87,102.05,103.83
2026-04-13T12:00:00Z,4729.1,74.13,2030.2,1532.0,5.87,102.31,104.25
2026-04-13T13:00:00Z,4745.9,73.99,2038.9,1550.0,5.87,101.9,103.65
2026-04-13T14:00:00Z,4753.3,74.38,2043.8,1545.5,5.9,100.24,101.72
2026-04-13T15:00:00Z,4742.2,74.17,2049.2,1565.5,5.97,100.55,102.03
2026-04-13T16:00:00Z,4736.9,74.17,2054.8,1567.0,5.96,102.0,102.84
2026-04-13T17:00:00Z,4756.4,75.47,2069.7,1582.5,5.99,99.98,99.48
2026-04-13T18:00:00Z,4753.3,75.33,2070.6,1580.0,6.01,99.24,99.16
2026-04-13T19:00:00Z,4762.0,75.64,2084.2,1588.0,6.01,97.7,97.13
2026-04-13T20:00:00Z,4765.5,75.61,2083.6,1593.0,6.01,98.31,98.03
2026-04-13T21:00:00Z,4766.6,75.74,2087.7,1594.5,6.0,98.11,98.01
2026-04-13T23:00:00Z,4782.0,76.02,2090.0,1597.5,6.0,97.98,97.53
2026-04-14T00:00:00Z,4781.3,75.93,2093.9,1596.5,6.01,97.35,96.62
2026-04-14T01:00:00Z,4792.7,76.17,2102.5,1599.0,6.03,96.67,95.97
2026-04-14T02:00:00Z,4787.2,75.98,2088.2,1591.5,6.02,97.81,97.18
2026-04-14T03:00:00Z,4797.6,76.82,2095.9,1594.0,6.01,98.09,97.09
2026-04-14T04:00:00Z,4792.3,77.07,2094.6,1590.0,6.01,98.15,96.95
2026-04-14T05:00:00Z,4796.3,77.24,2095.9,1588.0,6.01,97.88,96.71
2026-04-14T06:00:00Z,4782.3,76.75,2091.0,1587.5,6.02,98.55,97.35
2026-04-14T07:00:00Z,4805.4,77.67,2107.9,1609.0,6.02,99.21,97.39
2026-04-14T08:00:00Z,4800.2,77.9,2106.5,1605.0,6.02,98.6,96.52
2026-04-14T09:00:00Z,4810.0,78.23,2106.0,1599.5,6.05,98.07,96.39
2026-04-14T10:00:00Z,4801.6,77.89,2095.8,1591.5,6.04,98.75,96.89
2026-04-14T11:00:00Z,4791.1,77.61,2092.3,1584.5,6.04,99.03,97.35
2026-04-14T12:00:00Z,4797.1,77.72,2093.5,1596.0,6.04,98.72,97.2
2026-04-14T13:00:00Z,4793.3,77.68,2081.2,1578.5,6.07,97.71,95.84
2026-04-14T14:00:00Z,4818.8,78.51,2096.5,1577.5,6.08,96.83,94.7
2026-04-14T15:00:00Z,4827.3,79.26,2099.7,1586.5,6.09,95.75,93.42
2026-04-14T16:00:00Z,4831.9,79.29,2101.4,1593.5,6.09,95.4,92.61
2026-04-14T17:00:00Z,4833.5,79.21,2098.7,1592.5,6.08,95.27,92.76
2026-04-14T18:00:00Z,4859.5,79.5,2111.5,1600.0,6.08,95.09,92.06
2026-04-14T19:00:00Z,4860.1,79.4,2110.4,1596.5,6.08,95.09,91.77
2026-04-14T20:00:00Z,4868.7,79.66,2117.3,1603.0,6.09,95.15,92.02
2026-04-14T21:00:00Z,4864.5,79.62,2117.1,1601.0,6.08,95.14,92.07
2026-04-14T23:00:00Z,4859.5,79.45,2110.6,1599.5,6.08,95.14,91.71
2026-04-15T00:00:00Z,4861.7,79.64,2114.5,1597.5,6.08,94.09,90.3
2026-04-15T01:00:00Z,4859.7,79.8,2114.3,1596.0,6.09,94.23,90.36
2026-04-15T02:00:00Z,4871.0,80.64,2153.0,1617.5,6.14,94.59,90.49
2026-04-15T03:00:00Z,4847.7,79.96,2132.5,1600.0,6.09,95.29,91.26
2026-04-15T04:00:00Z,4849.6,79.93,2128.4,1602.5,6.11,95.11,90.94
2026-04-15T05:00:00Z,4848.9,79.93,2125.5,1600.0,6.1,95.73,91.67
2026-04-15T06:00:00Z,4843.3,79.5,2124.6,1595.5,6.1,95.56,91.22
2026-04-15T07:00:00Z,4834.9,79.28,2120.7,1595.0,6.08,94.71,90.91
2026-04-15T08:00:00Z,4834.1,79.32,2127.6,1597.5,6.1,94.77,90.75
2026-04-15T09:00:00Z,4841.6,79.42,2139.0,1603.5,6.1,95.35,91.33
2026-04-15T10:00:00Z,4821.2,78.58,2115.1,1593.0,6.08,96.11,92.25
2026-04-15T11:00:00Z,4822.8,78.88,2116.4,1601.0,6.08,96.16,92.74
2026-04-15T12:00:00Z,4835.7,79.19,2124.1,1602.5,6.08,95.36,91.69
2026-04-15T13:00:00Z,4833.9,78.7,2117.5,1603.5,6.08,95.26,91.97
2026-04-15T14:00:00Z,4851.9,80.15,2139.3,1600.0,6.08,94.58,91.05
2026-04-15T15:00:00Z,4838.4,80.14,2134.1,1594.0,6.08,95.09,92.35
2026-04-15T16:00:00Z,4823.5,79.46,2120.8,1582.0,6.08,95.67,92.33
2026-04-15T17:00:00Z,4825.9,79.49,2131.4,1589.5,6.08,95.65,91.76
2026-04-15T18:00:00Z,4814.8,79.22,2128.4,1583.0,6.09,95.53,92.51
2026-04-15T19:00:00Z,4822.2,79.49,2136.2,1588.0,6.1,94.79,91.16
2026-04-15T20:00:00Z,4818.3,79.53,2135.6,1583.0,6.09,94.8,90.99
2026-04-15T21:00:00Z,4813.9,79.11,2121.1,1574.5,6.08,94.93,91.39
2026-04-15T23:00:00Z,4829.2,79.5,2131.3,1579.5,6.08,94.66,91.0
2026-04-16T00:00:00Z,4845.4,79.65,2136.2,1587.0,6.1,94.6,90.96
2026-04-16T01:00:00Z,4854.7,80.3,2150.4,1595.0,6.11,94.75,90.96
2026-04-16T02:00:00Z,4839.9,80.24,2148.9,1593.5,6.1,95.05,91.44
2026-04-16T03:00:00Z,4842.1,80.47,2150.7,1595.0,6.11,94.98,91.48
2026-04-16T04:00:00Z,4847.7,80.61,2152.0,1596.5,6.11,94.99,91.73
2026-04-16T05:00:00Z,4855.7,80.82,2159.0,1599.5,6.12,95.03,91.77
2026-04-16T06:00:00Z,4844.1,80.56,2155.0,1603.5,6.12,94.81,91.56
2026-04-16T07:00:00Z,4848.3,80.47,2152.3,1599.5,6.12,95.12,91.58
2026-04-16T08:00:00Z,4843.0,80.24,2148.6,1600.5,6.1,96.32,89.34
2026-04-16T09:00:00Z,4834.7,79.87,2144.9,1593.0,6.09,96.3,89.25
2026-04-16T10:00:00Z,4834.2,79.68,2144.9,1590.5,6.08,96.44,89.47
2026-04-16T11:00:00Z,4838.7,79.94,2166.1,1602.5,6.08,95.86,88.79
2026-04-16T12:00:00Z,4843.9,79.83,2164.1,1602.5,6.08,95.7,88.6
2026-04-16T13:00:00Z,4837.8,79.38,2146.1,1589.0,6.1,96.44,89.28
2026-04-16T14:00:00Z,4815.9,78.78,2110.2,1572.0,6.06,97.52,90.15
2026-04-16T15:00:00Z,4810.3,78.64,2105.7,1571.5,6.06,97.99,90.35
2026-04-16T16:00:00Z,4828.2,79.01,2124.7,1588.5,6.09,98.27,90.3
2026-04-16T17:00:00Z,4812.7,78.69,2110.3,1581.5,6.08,99.57,91.21
2026-04-16T18:00:00Z,4810.1,78.41,2106.5,1573.0,6.07,99.64,91.57
2026-04-16T19:00:00Z,4809.7,78.56,2106.1,1566.0,6.06,98.57,90.47
2026-04-16T20:00:00Z,4814.5,78.79,2102.5,1567.0,6.03,98.17,90.1
2026-04-16T21:00:00Z,4810.9,78.46,2097.4,1562.0,6.04,98.01,89.65
2026-04-16T23:00:00Z,4816.0,78.89,2101.6,1565.0,6.05,97.93,89.59
2026-04-17T00:00:00Z,4812.5,78.78,2103.6,1567.0,6.05,98.42,90.03
2026-04-17T01:00:00Z,4816.3,78.81,2102.5,1566.5,6.05,98.3,90.12
2026-04-17T02:00:00Z,4810.2,78.53,2089.5,1564.0,6.04,98.31,89.9
2026-04-17T03:00:00Z,4804.6,78.4,2088.4,1563.0,6.04,98.26,89.86
2026-04-17T04:00:00Z,4814.1,78.99,2096.6,1566.0,6.04,98.18,89.83
2026-04-17T05:00:00Z,4824.2,79.18,2096.9,1566.0,6.04,98.1,89.55
2026-04-17T06:00:00Z,4815.9,78.97,2099.6,1564.5,6.06,98.1,89.53
2026-04-17T07:00:00Z,4805.5,78.69,2087.4,1554.0,6.05,98.71,90.14
2026-04-17T08:00:00Z,4805.5,79.0,2094.6,1557.0,6.06,92.67,89.93
2026-04-17T09:00:00Z,4817.8,79.6,2099.0,1560.0,6.08,91.84,89.03
2026-04-17T10:00:00Z,4812.2,79.68,2099.7,1563.5,6.06,96.18,87.63
2026-04-17T11:00:00Z,4809.0,79.45,2084.7,1552.5,6.04,96.31,87.81
2026-04-17T12:00:00Z,4822.0,79.75,2092.6,1566.5,6.05,96.03,87.64
2026-04-17T13:00:00Z,4869.0,81.74,2165.2,1608.0,6.09,90.47,82.42
2026-04-17T14:00:00Z,4903.1,82.53,2141.3,1610.0,6.1,88.89,81.75
2026-04-17T15:00:00Z,4895.7,82.86,2144.1,1605.0,6.11,87.21,79.99
2026-04-17T16:00:00Z,4889.7,82.44,2133.9,1600.0,6.11,88.96,81.12
2026-04-17T17:00:00Z,4889.0,82.38,2143.0,1601.0,6.11,88.84,81.36
2026-04-17T18:00:00Z,4884.6,81.96,2133.9,1589.5,6.1,89.95,81.85
2026-04-17T19:00:00Z,4879.6,81.66,2129.3,1582.5,6.09,91.12,83.29
2026-04-17T20:00:00Z,4875.5,81.5,2127.2,1582.5,6.09,90.75,83.09
2026-04-17T21:00:00Z,4849.4,80.93,2114.4,1574.0,6.11,91.87,82.59
2026-04-19T23:00:00Z,4799.4,79.67,,,6.03,,
2026-04-20T00:00:00Z,4775.0,79.08,,,6.04,,
2026-04-20T01:00:00Z,4792.0,79.93,,,6.05,,
2026-04-20T02:00:00Z,4827.8,80.61,,,6.08,,
2026-04-20T03:00:00Z,4813.3,80.31,,,6.08,,
2026-04-20T10:00:00Z,4811.4,79.32,2082.2,1547.5,6.03,94.97,87.62
2026-04-20T11:00:00Z,4815.7,79.34,2081.0,1543.0,6.02,95.04,87.5
2026-04-20T12:00:00Z,4830.9,79.86,2093.2,1552.0,6.04,94.64,87.1
2026-04-20T13:00:00Z,4823.3,79.69,2084.2,1555.0,6.05,94.88,86.95
2026-04-20T14:00:00Z,4838.8,80.32,2081.3,1565.0,6.07,93.72,85.96
2026-04-20T15:00:00Z,4824.9,79.77,2080.0,1561.5,6.05,95.47,87.29
2026-04-20T16:00:00Z,4819.9,79.92,2083.5,1565.5,6.05,95.45,87.33
2026-04-20T17:00:00Z,4825.6,79.97,2086.8,1568.5,6.04,95.31,87.27
2026-04-20T18:00:00Z,4827.1,79.73,2082.9,1568.5,6.03,95.44,87.5
2026-04-20T19:00:00Z,4834.8,79.96,2091.8,1572.5,6.04,95.45,87.38
2026-04-20T20:00:00Z,4834.8,79.88,2094.8,1571.5,6.05,94.99,86.88
2026-04-20T21:00:00Z,4841.0,79.87,2096.9,1573.5,6.05,94.28,85.89
2026-04-20T23:00:00Z,4848.5,80.21,2100.4,1577.5,6.05,95.01,86.36
2026-04-21T00:00:00Z,4842.4,80.02,2098.4,1576.0,6.04,94.66,86.21
2026-04-21T01:00:00Z,4843.6,80.0,2100.5,1578.0,6.05,94.78,86.48
2026-04-21T02:00:00Z,4829.8,79.49,2085.0,1567.0,6.03,95.13,86.65
2026-04-21T03:00:00Z,4826.0,79.31,2086.4,1567.0,6.02,94.95,86.66
2026-04-21T04:00:00Z,4816.3,78.96,2082.1,1560.0,6.01,94.98,86.68
2026-04-21T05:00:00Z,4807.7,78.95,2083.0,1563.0,6.01,94.64,86.29
2026-04-21T06:00:00Z,4802.9,78.93,2085.0,1565.5,6.02,94.42,86.16
2026-04-21T07:00:00Z,4796.8,78.94,2083.6,1562.0,6.02,94.94,86.62
2026-04-21T08:00:00Z,4804.9,79.08,2086.3,1566.5,6.03,90.03,86.44
2026-04-21T09:00:00Z,4805.0,78.92,2084.4,1565.0,6.04,90.32,86.8
2026-04-21T10:00:00Z,4802.4,79.0,2083.5,1562.5,6.04,90.28,86.7
2026-04-21T11:00:00Z,4809.0,79.08,2083.2,1566.5,6.05,90.08,86.66
2026-04-21T12:00:00Z,4814.2,79.26,2090.0,1566.0,6.05,90.77,87.6
2026-04-21T13:00:00Z,4797.6,78.83,2087.8,1578.0,6.04,90.81,87.35
2026-04-21T14:00:00Z,4798.2,78.81,2087.7,1577.5,6.06,90.54,86.79
2026-04-21T15:00:00Z,4757.4,76.89,2052.0,1552.5,6.03,91.95,88.74
2026-04-21T16:00:00Z,4759.8,77.0,2051.4,1546.0,6.02,93.04,89.76
2026-04-21T17:00:00Z,4729.5,76.36,2037.5,1540.5,6.01,93.76,90.42
2026-04-21T18:00:00Z,4731.0,76.79,2043.8,1545.0,5.99,92.96,89.42
2026-04-21T19:00:00Z,4728.1,76.82,2042.6,1546.0,6.0,92.43,88.82
2026-04-21T20:00:00Z,4698.3,75.75,2021.6,1531.5,5.97,94.93,91.78
2026-04-21T21:00:00Z,4738.5,76.67,2045.5,1550.5,6.02,93.86,90.22
2026-04-21T23:00:00Z,4737.6,76.76,2043.1,1550.5,6.01,93.83,90.33
2026-04-22T00:00:00Z,4755.8,77.32,2059.2,1558.0,6.01,94.1,90.49
2026-04-22T01:00:00Z,4757.7,77.43,2060.1,1557.5,6.03,93.32,89.8
2026-04-22T02:00:00Z,4769.8,77.57,2071.6,1567.0,6.03,92.89,89.4
2026-04-22T03:00:00Z,4773.5,77.85,2076.3,1566.0,6.03,92.94,89.33
2026-04-22T04:00:00Z,4777.0,78.08,2075.9,1570.5,6.04,92.9,89.25
2026-04-22T05:00:00Z,4772.4,77.97,2073.2,1569.0,6.04,93.12,89.58
2026-04-22T06:00:00Z,4786.4,78.47,2084.7,1580.0,6.06,92.48,88.76
2026-04-22T07:00:00Z,4786.0,78.54,2087.3,1582.0,6.06,92.48,88.73
2026-04-22T08:00:00Z,4779.5,78.3,2089.9,1582.0,6.06,93.15,89.38
2026-04-22T09:00:00Z,4775.7,78.15,2082.3,1571.0,6.07,94.46,90.81
2026-04-22T10:00:00Z,4773.4,77.94,2083.5,1574.5,6.07,94.5,90.86
2026-04-22T11:00:00Z,4778.1,78.08,2087.7,1580.5,6.06,93.88,90.12
2026-04-22T12:00:00Z,4768.9,78.07,2084.8,1570.5,6.05,94.16,90.21
2026-04-22T13:00:00Z,4762.6,77.72,2093.1,1573.0,6.05,94.93,91.43
2026-04-22T14:00:00Z,4771.7,78.21,2098.5,1570.0,6.06,95.2,91.73
2026-04-22T15:00:00Z,4754.3,77.83,2082.8,1564.5,6.1,95.9,92.21
2026-04-22T16:00:00Z,4746.2,77.85,2086.3,1565.0,6.12,101.8,93.11
2026-04-22T17:00:00Z,4747.5,77.69,2083.9,1556.5,6.13,102.21,93.62
2026-04-22T18:00:00Z,4756.4,77.92,2092.9,1564.0,6.14,101.55,92.62
2026-04-22T19:00:00Z,4760.7,77.9,2092.5,1562.0,6.14,101.94,92.95
2026-04-22T20:00:00Z,4759.0,77.78,2088.6,1558.5,6.14,101.46,92.61
2026-04-22T21:00:00Z,4758.3,77.68,2087.7,1558.5,6.14,101.85,92.87
2026-04-22T23:00:00Z,4743.2,77.48,2083.7,1555.0,6.13,101.4,92.53
2026-04-23T00:00:00Z,4745.0,77.53,2084.2,1553.5,6.13,101.69,92.73
2026-04-23T01:00:00Z,4765.5,78.21,2093.0,1563.0,6.14,101.99,92.93
2026-04-23T02:00:00Z,4739.4,77.04,2065.1,1549.5,6.09,102.24,93.47
2026-04-23T03:00:00Z,4714.4,75.77,2046.2,1531.0,6.03,103.97,95.06
2026-04-23T04:00:00Z,4720.0,76.07,2041.5,1531.5,6.03,103.42,94.55
2026-04-23T05:00:00Z,4720.1,76.16,2044.9,1531.0,6.05,103.0,94.06
2026-04-23T06:00:00Z,4729.0,76.2,2047.1,1528.5,6.05,102.94,93.86
2026-04-23T07:00:00Z,4730.1,76.08,2048.4,1530.0,6.06,103.43,94.41
2026-04-23T08:00:00Z,4736.1,76.17,2044.9,1512.0,6.04,97.0,93.69
2026-04-23T09:00:00Z,4719.6,75.61,2028.9,1509.0,6.03,98.2,94.9
2026-04-23T10:00:00Z,4713.5,75.4,2026.0,1499.5,6.03,98.29,94.93
2026-04-23T11:00:00Z,4712.6,74.58,2015.2,1475.0,6.03,97.33,93.94
2026-04-23T12:00:00Z,4737.4,75.54,2035.2,1491.5,6.05,96.86,93.25
2026-04-23T13:00:00Z,4757.7,76.89,2040.5,1494.0,6.07,102.22,93.23
2026-04-23T14:00:00Z,4742.0,75.94,2037.7,1505.0,6.06,102.93,93.99
2026-04-23T15:00:00Z,4750.6,76.21,2042.0,1508.0,6.09,102.39,93.08
2026-04-23T16:00:00Z,4737.3,76.06,2030.2,1494.0,6.08,103.6,94.45
2026-04-23T17:00:00Z,4749.8,76.37,2038.1,1494.5,6.08,103.59,94.46
2026-04-23T18:00:00Z,4725.6,75.66,2027.9,1476.5,6.05,105.03,96.19
2026-04-23T19:00:00Z,4717.2,75.57,2019.1,1474.0,6.04,105.69,96.71
2026-04-23T20:00:00Z,4712.8,75.56,2017.0,1470.5,6.04,105.74,96.4
2026-04-23T21:00:00Z,4708.6,75.46,2017.7,1473.5,6.03,106.47,97.0
2026-04-23T23:00:00Z,4708.5,75.42,2015.5,1470.5,6.03,106.4,97.08
2026-04-24T00:00:00Z,4710.8,75.46,2021.3,1474.5,6.04,106.08,96.81
2026-04-24T01:00:00Z,4719.8,75.78,2028.1,1478.0,6.04,106.63,97.17
2026-04-24T02:00:00Z,4715.1,75.6,2011.3,1466.5,6.02,106.33,97.01
2026-04-24T03:00:00Z,4692.4,74.99,1998.0,1466.5,6.02,105.87,96.48
2026-04-24T04:00:00Z,4687.5,74.81,1988.5,1463.0,6.0,105.97,96.62
2026-04-24T05:00:00Z,4689.3,75.03,1990.6,1469.0,6.0,105.5,96.01
2026-04-24T06:00:00Z,4701.5,75.07,1993.7,1471.5,6.01,105.43,95.94
2026-04-24T07:00:00Z,4687.1,74.25,1975.6,1461.5,6.0,106.17,96.5
2026-04-24T08:00:00Z,4709.4,74.87,1989.0,1477.0,6.02,100.38,96.7
2026-04-24T09:00:00Z,4705.5,74.8,1983.9,1474.0,6.02,100.54,96.98
2026-04-24T10:00:00Z,4697.7,74.64,1981.9,1473.5,5.99,101.08,97.74
2026-04-24T11:00:00Z,4693.0,74.79,1987.2,1478.5,5.99,100.28,96.92
2026-04-24T12:00:00Z,4723.2,75.94,2001.0,1493.5,6.03,98.34,94.48
2026-04-24T13:00:00Z,4716.9,75.56,2000.9,1485.5,6.01,99.54,95.92
2026-04-24T14:00:00Z,4727.9,75.75,2020.6,1502.5,6.03,99.25,95.2
2026-04-24T15:00:00Z,4743.2,75.86,2026.7,1509.0,6.04,99.08,95.12
2026-04-24T16:00:00Z,4743.9,76.35,2030.0,1512.0,6.04,98.5,93.53
2026-04-24T17:00:00Z,4743.7,76.38,2031.4,1510.5,6.03,98.68,93.77
2026-04-24T18:00:00Z,4740.1,76.49,2025.7,1509.0,6.03,98.45,93.61
2026-04-24T19:00:00Z,4738.7,76.44,2027.0,1509.0,6.03,98.99,94.23
2026-04-24T20:00:00Z,4732.1,75.97,2021.9,1508.5,6.03,99.72,94.77
2026-04-24T21:00:00Z,4725.4,76.41,2030.4,1506.5,6.03,99.13,94.4
2026-04-26T23:00:00Z,4699.6,75.12,2008.3,1497.5,6.02,101.0,96.01
2026-04-27T00:00:00Z,4694.8,74.87,2003.1,1493.5,6.02,101.25,96.13
2026-04-27T01:00:00Z,4712.6,75.64,2015.0,1501.0,6.04,101.18,96.07
2026-04-27T02:00:00Z,4717.1,75.38,2015.0,1497.0,6.05,100.93,95.87
2026-04-27T03:00:00Z,4732.9,76.0,2022.9,1504.0,6.07,100.24,95.23
2026-04-27T04:00:00Z,4739.8,76.36,2028.5,1504.5,6.07,100.36,95.32
2026-04-27T05:00:00Z,4740.5,76.43,2029.3,1503.0,6.06,100.67,95.6
2026-04-27T06:00:00Z,4725.7,75.61,2025.5,1502.5,6.04,101.12,96.07
2026-04-27T07:00:00Z,4727.6,75.82,2026.2,1498.5,6.03,101.08,96.08
2026-04-27T08:00:00Z,4727.9,75.7,2033.3,1502.5,6.11,101.83,96.83
2026-04-27T09:00:00Z,4722.0,75.55,2033.5,1500.5,6.1,101.56,96.48
2026-04-27T10:00:00Z,4719.1,75.64,2025.1,1494.5,6.11,101.55,96.49
2026-04-27T11:00:00Z,4724.3,75.89,2025.5,1493.0,6.1,100.49,95.41
2026-04-27T12:00:00Z,4719.7,75.64,2015.3,1485.5,6.09,100.2,95.11
2026-04-27T13:00:00Z,4714.1,75.49,1996.7,1480.0,6.08,101.15,96.32
2026-04-27T14:00:00Z,4711.6,75.5,2003.4,1486.5,6.09,101.1,95.71
2026-04-27T15:00:00Z,4693.2,74.94,2001.5,1483.0,6.07,101.76,96.75
2026-04-27T16:00:00Z,4684.8,74.93,1994.9,1479.0,6.06,101.38,96.17
2026-04-27T17:00:00Z,4691.1,75.14,2000.7,1487.0,6.08,101.7,96.57
2026-04-27T18:00:00Z,4697.2,75.31,2000.5,1486.0,6.09,101.91,96.54
2026-04-27T19:00:00Z,4695.7,75.63,1998.8,1482.5,6.09,101.66,96.55
2026-04-27T20:00:00Z,4696.2,75.46,1992.6,1480.5,6.08,101.6,96.41
2026-04-27T21:00:00Z,4697.7,75.46,1993.1,1479.5,6.09,101.91,96.68
2026-04-27T23:00:00Z,4702.7,75.9,1999.5,1483.5,6.08,101.86,96.63
2026-04-28T00:00:00Z,4707.1,75.94,2007.0,1487.0,6.09,101.86,96.65
2026-04-28T01:00:00Z,4705.6,75.74,2002.4,1484.5,6.09,102.34,97.03
2026-04-28T02:00:00Z,4684.7,74.6,1982.9,1465.0,6.06,102.53,97.33
2026-04-28T03:00:00Z,4683.0,74.25,1982.9,1458.5,6.06,102.53,97.39
2026-04-28T04:00:00Z,4685.6,74.64,1987.4,1468.5,6.08,102.73,97.57
2026-04-28T05:00:00Z,4681.3,74.44,1984.7,1464.5,6.07,102.7,97.46
2026-04-28T06:00:00Z,4646.6,73.37,1960.2,1452.5,6.06,103.52,98.2
2026-04-28T07:00:00Z,4642.7,73.18,1966.5,1460.0,6.07,103.67,98.37
2026-04-28T08:00:00Z,4646.6,73.78,1958.3,1454.5,6.05,104.59,98.89
2026-04-28T09:00:00Z,4643.6,73.99,1960.7,1452.0,6.03,104.13,98.95
2026-04-28T10:00:00Z,4618.6,73.41,1927.2,1443.0,5.97,104.57,99.81
2026-04-28T11:00:00Z,4616.7,73.67,1937.0,1451.5,5.99,104.34,99.74
2026-04-28T12:00:00Z,4575.2,72.64,1928.1,1443.0,5.94,105.52,101.26
2026-04-28T13:00:00Z,4607.4,73.93,1965.0,1485.5,5.97,104.04,99.4
2026-04-28T14:00:00Z,4593.4,73.37,1957.3,1462.5,5.97,104.04,99.4
2026-04-28T15:00:00Z,4588.3,73.38,1953.2,1464.0,5.98,103.67,99.36
2026-04-28T16:00:00Z,4600.1,73.68,1957.6,1473.0,5.98,104.14,99.79
2026-04-28T17:00:00Z,4606.2,73.69,1959.7,1469.5,5.97,103.55,99.21
2026-04-28T18:00:00Z,4609.0,73.75,1957.0,1468.5,5.97,104.24,100.24
2026-04-28T19:00:00Z,4608.4,73.64,1955.0,1468.5,5.98,104.38,100.0
2026-04-28T20:00:00Z,4609.6,73.64,1949.3,1469.0,5.97,104.37,99.91
2026-04-28T21:00:00Z,4609.6,73.55,1949.0,1470.0,5.98,104.3,99.62
2026-04-28T23:00:00Z,4607.8,73.62,1950.7,1469.0,5.97,104.15,99.61
2026-04-29T00:00:00Z,4609.7,73.8,1950.7,1472.0,5.98,103.85,99.42
2026-04-29T01:00:00Z,4613.7,73.71,1951.0,1465.5,5.98,103.89,99.31
2026-04-29T02:00:00Z,4598.1,73.69,1933.7,1452.5,6.0,104.83,100.39
2026-04-29T03:00:00Z,4606.9,74.0,1945.3,1459.5,6.01,104.12,99.3
2026-04-29T04:00:00Z,4609.6,74.1,1945.5,1460.5,6.01,104.07,99.34
2026-04-29T05:00:00Z,4618.1,74.3,1948.7,1463.5,6.01,104.39,99.54
2026-04-29T06:00:00Z,4604.7,74.07,1946.8,1462.0,6.01,104.68,99.83
2026-04-29T07:00:00Z,4598.1,73.87,1943.3,1461.5,6.01,105.37,100.59
2026-04-29T08:00:00Z,4581.4,73.44,1940.4,1461.5,6.0,106.08,101.7
2026-04-29T09:00:00Z,4586.1,73.29,1932.9,1462.0,5.99,107.54,103.6
2026-04-29T10:00:00Z,4568.3,73.04,1921.4,1450.0,5.98,107.48,103.56
2026-04-29T11:00:00Z,4582.7,73.37,1934.5,1459.0,5.98,107.18,103.14
2026-04-29T12:00:00Z,4574.7,73.0,1920.2,1454.0,6.0,107.64,103.4
2026-04-29T13:00:00Z,4557.4,72.49,1908.5,1442.0,5.97,108.29,103.82
2026-04-29T14:00:00Z,4534.7,72.04,1896.8,1462.0,5.95,109.63,104.96
2026-04-29T15:00:00Z,4551.9,72.29,1902.2,1463.5,5.96,109.67,105.19
2026-04-29T16:00:00Z,4560.2,71.97,1894.8,1463.0,5.94,111.07,106.78
2026-04-29T17:00:00Z,4559.0,71.96,1900.9,1470.0,5.93,110.98,107.14
2026-04-29T18:00:00Z,4561.8,71.96,1899.1,1469.5,5.94,110.42,106.52
2026-04-29T19:00:00Z,4552.7,71.94,1888.3,1469.0,5.93,110.47,106.8
2026-04-29T20:00:00Z,4560.8,72.18,1885.5,1468.5,5.93,111.47,107.78
2026-04-29T21:00:00Z,4557.3,71.79,1884.9,1467.0,5.93,111.91,108.49
2026-04-29T23:00:00Z,4563.6,72.03,1890.2,1466.5,5.94,112.07,108.41
2026-04-30T00:00:00Z,4573.8,72.28,1900.1,1479.5,5.94,111.72,107.96
2026-04-30T01:00:00Z,4582.0,72.52,1906.1,1480.0,5.96,111.24,107.41
2026-04-30T02:00:00Z,4590.8,73.35,1923.9,1482.0,5.97,110.73,107.17
2026-04-30T03:00:00Z,4576.4,72.74,1916.0,1471.0,5.96,111.97,108.4
2026-04-30T04:00:00Z,4567.9,72.46,1914.7,1471.0,5.95,112.88,109.07
2026-04-30T05:00:00Z,4553.2,72.04,1905.4,1466.5,5.93,113.67,109.86
2026-04-30T06:00:00Z,4573.7,72.63,1916.8,1469.5,5.94,113.53,109.37
2026-04-30T07:00:00Z,4601.6,73.42,1937.4,1496.0,5.95,112.4,108.34
2026-04-30T08:00:00Z,4610.6,73.57,1950.6,1504.0,5.98,104.56,108.26
2026-04-30T09:00:00Z,4628.4,73.79,1942.8,1483.5,5.99,104.52,107.99
2026-04-30T10:00:00Z,4637.2,73.96,1945.8,1483.5,5.99,103.32,106.9
2026-04-30T11:00:00Z,4651.7,74.15,1958.5,1493.0,5.98,103.23,106.43
2026-04-30T12:00:00Z,4643.0,74.01,1956.0,1496.5,5.99,102.18,104.53
2026-04-30T13:00:00Z,4652.4,73.98,1960.4,1487.5,5.97,109.29,105.29
2026-04-30T14:00:00Z,4623.1,73.41,1956.9,1480.5,5.95,109.7,105.45
2026-04-30T15:00:00Z,4632.5,73.64,1961.9,1485.5,5.96,110.62,105.99
2026-04-30T16:00:00Z,4628.1,73.63,1966.6,1491.0,5.97,109.55,104.1
2026-04-30T17:00:00Z,4620.4,73.78,1993.2,1534.5,5.98,110.08,104.77
2026-04-30T18:00:00Z,4629.8,74.14,1986.2,1536.5,5.98,108.89,103.67
2026-04-30T19:00:00Z,4635.4,74.19,1989.8,1540.5,6.02,110.99,105.39
2026-04-30T20:00:00Z,4630.0,74.13,1991.0,1537.5,6.01,110.98,105.22
2026-04-30T21:00:00Z,4636.0,74.23,1995.8,1543.5,6.03,111.23,105.41
2026-04-30T23:00:00Z,4642.7,74.65,2003.3,1548.0,6.03,111.53,105.69
2026-05-01T00:00:00Z,4638.9,74.82,2003.0,1549.0,6.02,111.42,105.64
2026-05-01T01:00:00Z,4631.8,74.66,1994.6,1542.0,6.03,111.66,105.63
2026-05-01T02:00:00Z,4632.6,74.71,1995.8,1546.0,6.04,111.41,105.32
2026-05-01T03:00:00Z,4630.5,74.66,1991.1,1540.5,6.02,111.36,105.5
2026-05-01T04:00:00Z,4638.6,74.8,1992.4,1540.0,6.01,111.37,105.46
2026-05-01T05:00:00Z,4620.4,74.36,1987.7,1537.0,6.0,110.88,104.99
2026-05-01T06:00:00Z,4616.2,74.29,1986.9,1535.5,6.0,110.98,105.12
2026-05-01T07:00:00Z,4606.8,73.95,1985.5,1533.0,6.0,111.86,105.93
2026-05-01T08:00:00Z,4589.5,73.64,1977.8,1526.0,5.99,104.52,105.52
2026-05-01T09:00:00Z,4580.3,73.61,1972.2,1522.5,5.99,104.57,105.53
2026-05-01T10:00:00Z,4573.6,73.59,1969.7,1523.5,5.99,111.27,105.42
2026-05-01T11:00:00Z,4577.9,73.78,1974.5,1525.0,5.99,111.21,105.01
2026-05-01T12:00:00Z,4590.0,74.19,1995.6,1536.5,5.97,110.86,104.07
2026-05-01T13:00:00Z,4602.1,74.69,1994.6,1536.0,5.97,110.69,103.76
2026-05-01T14:00:00Z,4637.5,76.81,2022.8,1553.0,5.99,108.15,100.85
2026-05-01T15:00:00Z,4643.6,76.28,2003.3,1543.5,5.99,108.38,101.61
2026-05-01T16:00:00Z,4654.4,76.61,2010.1,1548.0,5.98,107.67,101.06
2026-05-01T17:00:00Z,4650.6,76.56,2011.0,1544.0,5.99,108.28,101.83
2026-05-01T18:00:00Z,4641.3,76.53,2007.7,1547.5,5.98,107.62,101.44
2026-05-01T19:00:00Z,4636.1,76.32,2001.1,1542.5,5.97,108.57,102.18
2026-05-01T20:00:00Z,4623.0,75.94,1998.3,1537.5,5.97,108.57,102.18
2026-05-01T21:00:00Z,4644.5,76.43,2011.9,1546.1,5.96,108.17,102.5
2026-05-03T23:00:00Z,4630.7,76.26,2020.6,1549.0,5.98,107.46,101.06
2026-05-04T00:00:00Z,4625.0,76.22,2016.3,1545.0,5.98,108.2,101.73
2026-05-04T01:00:00Z,4623.6,76.09,2011.6,1541.0,5.96,107.54,101.16
2026-05-04T02:00:00Z,4624.2,76.25,2018.7,1543.0,5.99,108.02,101.63
2026-05-04T03:00:00Z,4616.9,76.11,2016.4,1542.0,6.0,108.28,101.82
2026-05-04T04:00:00Z,4627.8,76.29,2019.8,1542.5,6.0,108.42,101.89
2026-05-04T05:00:00Z,4616.6,75.91,2017.2,1539.0,5.99,108.15,101.68
2026-05-04T06:00:00Z,4610.2,75.78,2010.8,1533.0,5.97,107.24,100.95
2026-05-04T07:00:00Z,4599.7,75.46,2004.2,1531.0,5.97,108.72,102.42
2026-05-04T08:00:00Z,4589.7,74.92,1973.9,1510.5,5.95,110.09,103.45
2026-05-04T09:00:00Z,4587.5,74.85,1976.3,1503.0,5.94,109.6,103.26
2026-05-04T10:00:00Z,4586.0,74.78,1975.7,1501.5,5.94,109.82,103.06
2026-05-04T11:00:00Z,4573.2,73.81,1964.2,1492.5,5.9,112.31,105.67
2026-05-04T12:00:00Z,4571.1,73.85,1955.8,1481.5,5.9,111.31,104.13
2026-05-04T13:00:00Z,4579.3,74.21,1977.9,1497.0,5.93,110.49,102.83
2026-05-04T14:00:00Z,4575.0,74.34,1988.7,1499.5,5.91,110.63,102.2
2026-05-04T15:00:00Z,4572.7,74.32,1972.2,1500.0,5.89,112.18,103.47
2026-05-04T16:00:00Z,4531.6,73.36,1958.5,1483.5,5.84,114.1,105.6
2026-05-04T17:00:00Z,4520.4,73.18,1955.7,1481.5,5.85,114.83,106.13
2026-05-04T18:00:00Z,4532.5,73.31,1965.1,1494.5,5.87,113.62,105.27
2026-05-04T19:00:00Z,4526.3,73.17,1960.3,1493.0,5.86,114.29,105.69
2026-05-04T20:00:00Z,4527.6,73.29,1958.5,1493.5,5.86,114.09,105.29
2026-05-04T21:00:00Z,4532.4,73.16,1955.9,1495.0,5.86,113.76,105.14
2026-05-04T23:00:00Z,4527.0,73.02,1953.7,1493.5,5.86,113.95,104.91
2026-05-05T00:00:00Z,4528.1,73.04,1954.8,1492.0,5.87,113.96,104.99
2026-05-05T01:00:00Z,4538.9,73.2,1968.3,1503.0,5.87,113.85,104.84
2026-05-05T02:00:00Z,4550.4,73.29,1972.1,1502.5,5.87,113.56,104.79
2026-05-05T03:00:00Z,4548.2,73.53,1976.5,1502.5,5.89,113.07,104.19
2026-05-05T04:00:00Z,4544.7,73.12,1970.0,1500.0,5.89,113.26,104.39
2026-05-05T05:00:00Z,4543.0,73.18,1970.7,1501.0,5.89,113.04,104.17
2026-05-05T06:00:00Z,4555.3,73.57,1985.8,1510.0,5.9,113.35,104.27
2026-05-05T07:00:00Z,4557.5,73.59,1986.8,1510.0,5.91,113.75,104.42
2026-05-05T08:00:00Z,4555.4,73.78,1986.4,1507.0,5.94,113.74,104.55
2026-05-05T09:00:00Z,4568.2,74.18,1989.8,1514.5,5.96,112.33,103.43
2026-05-05T10:00:00Z,4566.5,74.16,1989.4,1512.0,5.97,112.82,104.01
2026-05-05T11:00:00Z,4554.1,73.86,1980.6,1511.5,5.97,113.02,104.18
2026-05-05T12:00:00Z,4572.9,74.17,1990.0,1516.0,5.99,112.46,103.75
2026-05-05T13:00:00Z,4574.7,73.89,1990.9,1523.5,5.98,112.01,103.22
2026-05-05T14:00:00Z,4589.8,74.19,1991.3,1528.5,6.0,111.0,102.06
2026-05-05T15:00:00Z,4593.3,74.21,1986.1,1517.5,6.0,110.83,101.62
2026-05-05T16:00:00Z,4579.4,73.95,1978.0,1515.5,6.01,110.45,102.1
2026-05-05T17:00:00Z,4572.1,73.58,1977.7,1513.0,5.99,110.61,102.31
2026-05-05T18:00:00Z,4570.3,73.53,1974.3,1512.0,5.99,110.12,102.07
2026-05-05T19:00:00Z,4571.7,73.4,1973.4,1507.5,5.99,109.67,102.27
2026-05-05T20:00:00Z,4566.0,73.28,1963.8,1502.5,5.98,110.29,102.78
2026-05-05T21:00:00Z,4567.8,73.26,1966.7,1502.0,5.99,110.5,102.68
2026-05-05T23:00:00Z,4583.2,73.69,1980.6,1516.0,6.0,108.56,101.03
2026-05-06T00:00:00Z,4604.5,74.35,1987.5,1521.0,6.0,107.3,99.8
2026-05-06T01:00:00Z,4629.8,74.93,1998.1,1524.5,6.02,108.65,100.91
2026-05-06T02:00:00Z,4636.4,75.21,1999.6,1529.0,6.06,107.92,100.56
2026-05-06T03:00:00Z,4650.6,75.69,2010.2,1536.0,6.07,108.0,100.64
2026-05-06T04:00:00Z,4653.5,75.99,2012.2,1536.0,6.08,107.98,100.53
2026-05-06T05:00:00Z,4660.0,76.12,2010.9,1537.5,6.09,108.05,100.39
2026-05-06T06:00:00Z,4673.9,76.43,2017.4,1537.0,6.1,107.99,100.29
2026-05-06T07:00:00Z,4679.5,76.39,2012.5,1534.5,6.09,108.4,100.85
2026-05-06T08:00:00Z,4692.4,76.83,2023.0,1542.0,6.12,105.67,97.8
2026-05-06T09:00:00Z,4712.0,77.47,2045.6,1560.0,6.13,103.24,95.45
2026-05-06T10:00:00Z,4713.4,77.74,2046.2,1559.0,6.17,101.52,93.35
2026-05-06T11:00:00Z,4729.6,78.11,2055.6,1566.5,6.19,98.22,89.81
2026-05-06T12:00:00Z,4703.3,77.39,2031.6,1547.0,6.18,100.24,92.56
2026-05-06T13:00:00Z,4694.4,77.36,2036.6,1557.0,6.19,102.9,95.42
2026-05-06T14:00:00Z,4713.5,77.83,2034.6,1545.5,6.17,102.78,96.04
2026-05-06T15:00:00Z,4714.2,77.98,2059.0,1556.5,6.18,101.72,94.78
2026-05-06T16:00:00Z,4699.3,77.54,2067.6,1560.0,6.19,102.17,95.33
2026-05-06T17:00:00Z,4694.0,77.35,2061.3,1552.5,6.18,102.59,95.87
2026-05-06T18:00:00Z,4694.8,77.62,2060.8,1555.0,6.18,101.56,95.24
2026-05-06T19:00:00Z,4696.8,77.57,2063.3,1552.5,6.18,101.23,95.21
2026-05-06T20:00:00Z,4703.0,77.94,2074.9,1554.5,6.18,101.5,95.37
2026-05-06T21:00:00Z,4703.1,77.82,2076.7,1551.5,6.19,101.96,96.21
2026-05-06T23:00:00Z,4704.1,77.89,2078.5,1555.0,6.19,101.88,95.86
2026-05-07T00:00:00Z,4708.2,78.03,2082.8,1556.5,6.18,101.86,95.89
2026-05-07T01:00:00Z,4697.6,77.65,2076.3,1553.5,6.18,102.19,96.15
2026-05-07T02:00:00Z,4723.7,78.6,2086.6,1563.0,6.19,101.73,95.43
2026-05-07T03:00:00Z,4716.0,78.39,2080.9,1563.5,6.19,101.81,95.7
2026-05-07T04:00:00Z,4709.0,78.16,2072.0,1556.5,6.19,101.98,95.77
2026-05-07T05:00:00Z,4705.1,78.21,2071.0,1556.5,6.19,101.71,95.55
2026-05-07T06:00:00Z,4709.4,78.24,2070.7,1556.0,6.18,101.64,95.36
2026-05-07T07:00:00Z,4748.6,79.34,2087.5,1564.5,6.2,100.9,94.63
2026-05-07T08:00:00Z,4752.5,80.2,2104.3,1574.5,6.24,99.6,93.33
2026-05-07T09:00:00Z,4741.1,80.12,2101.2,1568.0,6.21,99.07,92.88
2026-05-07T10:00:00Z,4738.4,80.7,2098.1,1563.5,6.22,99.04,92.87
2026-05-07T11:00:00Z,4745.0,80.82,2091.7,1553.5,6.22,98.95,92.86
2026-05-07T12:00:00Z,4752.0,81.46,2099.3,1559.5,6.22,98.09,91.82
2026-05-07T13:00:00Z,4760.1,82.0,2112.2,1555.5,6.24,96.86,90.69
2026-05-07T14:00:00Z,4756.5,81.82,2075.9,1537.5,6.23,97.21,91.16
2026-05-07T15:00:00Z,4773.3,82.55,2089.2,1537.0,6.23,97.27,91.2
2026-05-07T16:00:00Z,4739.1,80.97,2055.3,1522.5,6.19,99.2,93.31
2026-05-07T17:00:00Z,4724.8,80.42,2055.7,1524.5,6.18,100.86,95.64
2026-05-07T18:00:00Z,4721.1,80.28,2057.3,1515.0,6.17,100.59,94.88
2026-05-07T19:00:00Z,4719.1,79.75,2047.8,1502.0,6.16,100.97,95.61
2026-05-07T20:00:00Z,4712.9,79.64,2043.0,1499.5,6.15,101.67,96.36
2026-05-07T21:00:00Z,4696.0,78.92,2032.6,1493.0,6.12,103.11,97.66
2026-05-07T23:00:00Z,4694.9,79.04,2030.3,1488.5,6.13,102.63,97.27
2026-05-08T00:00:00Z,4713.2,79.75,2043.0,1497.5,6.14,102.41,96.98
2026-05-08T01:00:00Z,4710.0,79.61,2044.0,1499.0,6.15,102.2,96.59
2026-05-08T02:00:00Z,4731.2,80.47,2059.6,1509.0,6.17,101.6,96.03
2026-05-08T03:00:00Z,4721.7,80.19,2055.9,1505.5,6.17,101.31,95.75
2026-05-08T04:00:00Z,4729.0,80.42,2062.2,1512.0,6.18,101.26,95.69
2026-05-08T05:00:00Z,4719.4,80.11,2060.2,1509.5,6.19,101.29,95.8
2026-05-08T06:00:00Z,4736.0,80.97,2071.2,1518.0,6.28,100.99,95.42
2026-05-08T07:00:00Z,4734.3,80.85,2065.4,1513.5,6.3,100.64,95.14
2026-05-08T08:00:00Z,4717.4,80.43,2053.1,1506.0,6.27,101.06,95.26
2026-05-08T09:00:00Z,4724.8,80.68,2057.5,1507.0,6.29,100.3,94.6
2026-05-08T10:00:00Z,4721.6,80.74,2051.5,1504.0,6.29,100.86,95.15
2026-05-08T11:00:00Z,4729.4,81.17,2052.1,1504.5,6.28,100.29,94.89
2026-05-08T12:00:00Z,4727.5,81.29,2058.5,1509.0,6.29,100.66,94.97
2026-05-08T13:00:00Z,4734.1,81.73,2055.1,1497.5,6.3,100.63,95.35
2026-05-08T14:00:00Z,4757.8,82.07,2054.0,1502.5,6.29,100.16,94.31
2026-05-08T15:00:00Z,4725.7,81.19,2056.3,1490.0,6.3,101.46,95.4
2026-05-08T16:00:00Z,4716.6,80.47,2049.6,1487.0,6.3,101.69,95.81
2026-05-08T17:00:00Z,4721.9,80.64,2053.8,1487.5,6.3,101.59,96.13
2026-05-08T18:00:00Z,4730.4,80.92,2065.4,1501.0,6.29,101.1,95.49
2026-05-08T19:00:00Z,4731.9,81.01,2066.3,1499.5,6.3,101.25,95.56
2026-05-08T20:00:00Z,4733.4,81.19,2068.0,1499.5,6.3,100.5,94.91
2026-05-08T21:00:00Z,4730.7,80.86,2059.3,1487.8,6.3,101.29,95.42
2026-05-10T23:00:00Z,4700.1,80.45,2048.0,1486.0,6.29,104.51,98.29
2026-05-11T00:00:00Z,4700.3,80.49,2046.0,1491.5,6.29,104.99,98.87
2026-05-11T01:00:00Z,4692.5,80.56,2043.8,1487.0,6.3,105.04,99.25
2026-05-11T02:00:00Z,4694.2,81.3,2054.4,1493.0,6.32,104.59,98.98
2026-05-11T03:00:00Z,4690.0,81.53,2064.5,1504.5,6.34,105.3,99.81
2026-05-11T04:00:00Z,4687.0,81.2,2057.9,1492.5,6.34,105.63,99.94
2026-05-11T05:00:00Z,4679.8,80.83,2052.2,1487.0,6.33,105.92,100.3
2026-05-11T06:00:00Z,4659.6,80.39,2038.1,1484.0,6.31,105.28,99.77
2026-05-11T07:00:00Z,4686.7,81.16,2050.3,1494.0,6.32,104.52,99.03
2026-05-11T08:00:00Z,4676.4,80.83,2041.3,1477.0,6.33,104.39,98.3
2026-05-11T09:00:00Z,4675.9,80.82,2040.5,1485.5,6.34,103.96,97.59
2026-05-11T10:00:00Z,4665.3,80.71,2045.9,1490.5,6.34,104.07,98.09
2026-05-11T11:00:00Z,4672.2,80.96,2057.1,1493.5,6.37,103.98,98.02
2026-05-11T12:00:00Z,4683.3,81.93,2065.7,1508.5,6.41,104.26,98.32
2026-05-11T13:00:00Z,4708.7,84.43,2087.3,1513.5,6.39,103.92,98.08
2026-05-11T14:00:00Z,4745.7,86.37,2130.9,1528.0,6.46,103.0,96.62
2026-05-11T15:00:00Z,4735.4,85.7,2128.5,1522.0,6.46,103.77,97.69
2026-05-11T16:00:00Z,4741.8,86.72,2146.6,1529.5,6.49,104.01,97.87
2026-05-11T17:00:00Z,4726.1,85.94,2129.2,1517.5,6.46,105.07,99.26
2026-05-11T18:00:00Z,4733.0,86.39,2137.8,1519.0,6.47,104.35,98.34
2026-05-11T19:00:00Z,4733.8,86.56,2146.0,1524.0,6.47,104.31,98.13
2026-05-11T20:00:00Z,4743.5,86.83,2151.1,1525.5,6.48,104.28,98.33
2026-05-11T21:00:00Z,4745.6,86.81,2153.4,1527.0,6.49,104.42,98.25
2026-05-11T23:00:00Z,4760.7,87.66,2164.6,1537.5,6.49,104.34,98.24
2026-05-12T00:00:00Z,4777.2,87.93,2166.2,1536.5,6.49,104.16,98.11
2026-05-12T01:00:00Z,4759.3,86.77,2139.8,1525.5,6.49,104.86,98.73
2026-05-12T02:00:00Z,4736.6,86.7,2110.3,1514.0,6.47,105.13,99.04
2026-05-12T03:00:00Z,4739.8,86.96,2118.4,1520.5,6.5,105.08,98.97
2026-05-12T04:00:00Z,4729.0,86.76,2107.3,1512.5,6.49,105.14,99.18
2026-05-12T05:00:00Z,4723.1,86.72,2109.4,1513.5,6.49,104.94,99.02
2026-05-12T06:00:00Z,4723.2,86.21,2099.2,1502.5,6.49,105.09,99.2
2026-05-12T07:00:00Z,4705.4,84.91,2085.3,1498.0,6.45,106.37,100.52
2026-05-12T08:00:00Z,4707.8,85.16,2087.5,1506.5,6.46,106.42,100.67
2026-05-12T09:00:00Z,4710.9,84.97,2085.7,1505.0,6.49,106.71,100.9
2026-05-12T10:00:00Z,4707.6,84.7,2085.2,1503.0,6.49,107.16,101.09
2026-05-12T11:00:00Z,4701.9,84.44,2090.6,1498.5,6.49,107.76,101.67
2026-05-12T12:00:00Z,4714.6,84.87,2109.1,1507.0,6.49,107.5,101.27
2026-05-12T13:00:00Z,4713.8,85.24,2127.6,1506.0,6.49,107.17,100.77
2026-05-12T14:00:00Z,4687.0,85.18,2124.2,1490.0,6.49,108.0,101.77
2026-05-12T15:00:00Z,4680.0,85.02,2113.6,1489.5,6.52,107.94,101.94
2026-05-12T16:00:00Z,4673.1,84.77,2116.2,1481.5,6.53,107.66,101.5
2026-05-12T17:00:00Z,4678.1,85.28,2112.8,1491.5,6.53,107.39,101.64
2026-05-12T18:00:00Z,4685.7,85.72,2121.8,1494.5,6.58,107.37,101.69
2026-05-12T19:00:00Z,4703.0,86.74,2139.9,1507.5,6.63,107.98,102.54
2026-05-12T20:00:00Z,4723.2,87.38,2149.6,1511.5,6.65,107.83,102.38
2026-05-12T21:00:00Z,4722.6,87.21,2147.0,1510.5,6.63,107.42,102.05
2026-05-12T23:00:00Z,4724.6,87.46,2146.9,1511.0,6.63,107.36,101.93
2026-05-13T00:00:00Z,4724.7,87.89,2139.0,1511.5,6.63,107.45,102.07
2026-05-13T01:00:00Z,4723.0,87.94,2143.1,1516.0,6.64,106.87,101.46
2026-05-13T02:00:00Z,4710.9,87.56,2126.8,1506.5,6.65,107.11,101.58
2026-05-13T03:00:00Z,4700.6,86.9,2118.0,1500.0,6.62,106.51,101.07
2026-05-13T04:00:00Z,4703.0,87.28,2122.4,1506.0,6.65,106.53,101.08
2026-05-13T05:00:00Z,4707.9,87.12,2126.2,1508.5,6.64,106.27,100.75
2026-05-13T06:00:00Z,4711.4,87.14,2129.0,1505.5,6.65,106.18,100.67
2026-05-13T07:00:00Z,4709.8,87.35,2134.8,1511.5,6.64,106.49,100.98
2026-05-13T08:00:00Z,4710.4,87.23,2138.5,1516.0,6.63,106.83,101.23
2026-05-13T09:00:00Z,4707.7,87.18,2140.6,1515.0,6.63,107.34,101.57
2026-05-13T10:00:00Z,4709.0,87.53,2147.4,1515.5,6.64,107.16,101.3
2026-05-13T11:00:00Z,4701.6,87.39,2147.7,1511.5,6.64,108.15,102.3
2026-05-13T12:00:00Z,4705.2,87.86,2179.0,1523.0,6.66,107.52,101.85
2026-05-13T13:00:00Z,4690.7,87.1,2142.9,1504.5,6.63,107.63,102.33
2026-05-13T14:00:00Z,4686.2,87.82,2167.5,1517.0,6.69,107.53,102.87
2026-05-13T15:00:00Z,4686.8,88.6,2188.1,1526.5,6.66,107.71,103.14
2026-05-13T16:00:00Z,4703.3,89.56,2207.1,1535.0,6.68,106.71,102.22
2026-05-13T17:00:00Z,4703.5,89.36,2198.3,1535.5,6.67,106.34,102.1
2026-05-13T18:00:00Z,4693.4,88.59,2182.8,1528.5,6.64,105.98,101.33
2026-05-13T19:00:00Z,4692.9,88.22,2173.0,1522.0,6.6,105.67,101.01
2026-05-13T20:00:00Z,4696.1,88.32,2175.2,1523.0,6.63,105.85,101.36
2026-05-13T21:00:00Z,4697.1,88.15,2160.6,1518.0,6.62,105.55,101.0
2026-05-13T23:00:00Z,4706.4,88.51,2166.0,1522.5,6.63,105.48,100.87
2026-05-14T00:00:00Z,4703.5,88.42,2169.7,1523.5,6.63,105.68,101.02
2026-05-14T01:00:00Z,4712.0,88.75,2178.2,1532.5,6.65,105.62,101.15
2026-05-14T02:00:00Z,4695.0,87.9,2150.9,1516.0,6.6,105.62,101.08
2026-05-14T03:00:00Z,4692.7,87.63,2152.1,1517.5,6.58,106.0,101.49
2026-05-14T04:00:00Z,4680.8,87.03,2147.1,1513.0,6.57,105.87,101.35
2026-05-14T05:00:00Z,4709.2,87.5,2156.1,1520.5,6.58,105.97,101.46
2026-05-14T06:00:00Z,4696.3,87.51,2154.0,1518.0,6.59,106.09,101.46
2026-05-14T07:00:00Z,4707.2,87.76,2144.5,1514.0,6.58,105.73,101.06
2026-05-14T08:00:00Z,4700.1,87.58,2139.5,1513.5,6.58,106.6,101.94
2026-05-14T09:00:00Z,4700.3,87.58,2129.8,1498.5,6.6,106.21,101.34
2026-05-14T10:00:00Z,4706.1,87.73,2142.1,1502.5,6.62,106.02,101.07
2026-05-14T11:00:00Z,4704.1,87.71,2133.0,1493.0,6.64,105.67,101.07
2026-05-14T12:00:00Z,4700.4,87.29,2120.5,1485.5,6.63,104.81,100.27
2026-05-14T13:00:00Z,4711.8,87.12,2117.1,1487.5,6.63,104.78,100.36
2026-05-14T14:00:00Z,4685.2,84.49,2071.2,1458.5,6.58,105.29,100.89
2026-05-14T15:00:00Z,4685.7,85.02,2078.8,1460.0,6.6,104.91,100.59
2026-05-14T16:00:00Z,4691.9,85.43,2085.2,1461.0,6.6,104.87,100.97
2026-05-14T17:00:00Z,4684.8,85.29,2083.2,1461.0,6.61,105.2,101.06
2026-05-14T18:00:00Z,4684.2,85.33,2084.9,1464.5,6.6,105.98,101.74
2026-05-14T19:00:00Z,4677.3,85.03,2080.1,1463.5,6.6,105.92,101.43
2026-05-14T20:00:00Z,4659.5,84.04,2072.3,1458.5,6.58,106.54,102.0
2026-05-14T21:00:00Z,4655.4,84.01,2069.7,1461.0,6.58,106.55,102.02
2026-05-14T23:00:00Z,4666.7,84.29,2074.5,1455.5,6.58,106.48,101.96
2026-05-15T00:00:00Z,4656.7,83.99,2076.4,1451.5,6.58,106.55,101.93
2026-05-15T01:00:00Z,4635.1,82.95,2060.1,1440.0,6.53,106.42,101.84
2026-05-15T02:00:00Z,4617.9,81.21,2028.6,1433.0,6.39,106.91,102.38
2026-05-15T03:00:00Z,4621.9,81.82,2033.3,1436.0,6.43,107.19,102.63
2026-05-15T04:00:00Z,4619.8,81.82,2029.8,1436.5,6.43,106.91,102.37
2026-05-15T05:00:00Z,4610.0,81.39,2024.6,1433.5,6.41,106.98,102.38
2026-05-15T06:00:00Z,4562.9,78.36,2003.4,1416.5,6.35,107.55,103.34
2026-05-15T07:00:00Z,4574.5,78.76,2012.4,1426.5,6.35,107.46,103.2
2026-05-15T08:00:00Z,4575.7,79.36,2015.8,1435.0,6.36,107.77,99.21
2026-05-15T09:00:00Z,4558.9,78.57,2016.3,1438.0,6.34,109.04,100.41
2026-05-15T10:00:00Z,4549.8,77.86,2003.6,1432.5,6.32,109.33,100.81
2026-05-15T11:00:00Z,4570.2,79.34,2021.6,1450.0,6.37,107.56,99.06
2026-05-15T12:00:00Z,4555.9,78.79,2004.8,1435.5,6.32,108.53,100.04
2026-05-15T13:00:00Z,4550.2,77.64,1986.1,1431.5,6.28,108.27,99.84
2026-05-15T14:00:00Z,4537.3,76.83,1979.0,1432.5,6.3,108.63,99.89
2026-05-15T15:00:00Z,4566.8,77.25,1997.0,1433.5,6.29,109.04,100.28
2026-05-15T16:00:00Z,4543.8,76.6,1990.2,1424.0,6.29,109.43,100.93
2026-05-15T17:00:00Z,4548.7,76.69,1989.7,1426.5,6.3,109.14,100.73
2026-05-15T18:00:00Z,4564.0,77.51,1994.6,1430.5,6.3,108.99,100.67
2026-05-15T19:00:00Z,4563.4,77.32,1995.3,1432.5,6.3,109.26,100.98
2026-05-15T20:00:00Z,4549.8,76.68,1985.2,1435.5,6.28,109.33,101.21
2026-05-15T21:00:00Z,4561.9,77.55,1991.8,1426.3,6.3,109.26,101.02
2026-05-15T22:00:00Z,,,,,,,101.02
2026-05-17T23:00:00Z,4549.7,77.1,1998.5,1438.5,6.3,110.32,102.25
2026-05-18T00:00:00Z,4540.9,76.96,1986.6,1430.5,6.29,110.52,102.48
2026-05-18T01:00:00Z,4518.5,75.72,1982.5,1418.0,6.25,110.97,102.98
2026-05-18T02:00:00Z,4527.9,75.19,1970.1,1406.5,6.24,111.3,103.32
2026-05-18T03:00:00Z,4536.4,75.28,1970.3,1405.5,6.24,111.28,103.27
2026-05-18T04:00:00Z,4546.8,75.56,1974.0,1408.5,6.24,111.23,103.19
2026-05-18T05:00:00Z,4544.2,75.7,1973.5,1407.5,6.24,111.2,103.17
2026-05-18T06:00:00Z,4534.6,75.21,1971.9,1408.0,6.23,110.94,102.88
2026-05-18T07:00:00Z,4550.5,76.5,1985.7,1414.0,6.27,110.97,102.87
2026-05-18T08:00:00Z,4550.0,76.29,1980.9,1415.0,6.25,110.37,102.18
2026-05-18T09:00:00Z,4553.8,76.52,1985.2,1423.5,6.26,109.99,101.81
2026-05-18T10:00:00Z,4547.0,76.16,1981.4,1424.5,6.24,110.06,102.21
2026-05-18T11:00:00Z,4543.4,76.08,1971.0,1417.0,6.25,110.6,102.43
2026-05-18T12:00:00Z,4554.2,76.76,1978.9,1428.5,6.26,109.14,100.89
2026-05-18T13:00:00Z,4575.2,77.88,1982.2,1425.5,6.3,107.5,99.04
2026-05-18T14:00:00Z,4579.9,78.25,1989.6,1418.5,6.31,107.82,99.59
2026-05-18T15:00:00Z,4550.8,77.04,1975.2,1413.0,6.32,110.16,102.22
2026-05-18T16:00:00Z,4547.7,77.23,1976.4,1417.0,6.31,110.93,102.85
2026-05-18T17:00:00Z,4554.4,77.31,1976.5,1421.0,6.31,111.03,102.91
2026-05-18T18:00:00Z,4551.4,77.35,1979.5,1416.0,6.31,110.83,103.03
2026-05-18T19:00:00Z,4539.8,76.91,1969.7,1409.0,6.28,112.2,104.65
2026-05-18T20:00:00Z,4562.9,77.75,1977.6,1418.5,6.32,109.11,101.96
2026-05-18T21:00:00Z,4570.8,78.12,1988.8,1424.5,6.34,109.28,102.45
2026-05-18T22:00:00Z,,,,,,,102.49
2026-05-18T23:00:00Z,4578.2,78.64,1990.0,1428.5,6.34,109.26,102.45
2026-05-19T00:00:00Z,4585.5,79.18,1998.6,1427.0,6.33,108.99,102.3
2026-05-19T01:00:00Z,4566.3,78.0,1987.6,1424.0,6.31,109.35,102.51
2026-05-19T02:00:00Z,4567.0,77.58,1987.1,1419.5,6.3,109.46,102.53
2026-05-19T03:00:00Z,4550.3,76.79,1974.9,1409.0,6.26,110.0,102.91
2026-05-19T04:00:00Z,4548.9,76.65,1972.5,1409.5,6.25,109.89,102.87
2026-05-19T05:00:00Z,4545.4,76.65,1976.0,1409.5,6.24,109.73,102.65
2026-05-19T06:00:00Z,4543.8,76.68,1973.1,1409.0,6.27,110.17,103.16
2026-05-19T07:00:00Z,4551.3,76.69,1983.0,1413.5,6.28,110.54,103.72
2026-05-19T08:00:00Z,4560.7,76.87,1983.0,1416.0,6.28,110.04,103.15
2026-05-19T09:00:00Z,4546.4,76.39,1973.5,1401.0,6.25,110.27,103.24
2026-05-19T10:00:00Z,4545.0,76.18,1972.6,1403.0,6.24,109.92,102.79
2026-05-19T11:00:00Z,4547.9,76.45,1972.7,1401.5,6.25,110.58,103.42
2026-05-19T12:00:00Z,4534.0,76.12,1963.2,1393.0,6.23,111.05,103.97
2026-05-19T13:00:00Z,4541.6,76.4,1954.6,1385.5,6.24,110.54,103.51
2026-05-19T14:00:00Z,4506.7,74.71,1949.0,1385.0,6.21,110.39,103.46
2026-05-19T15:00:00Z,4496.9,74.39,1933.9,1362.5,6.17,110.64,103.49
2026-05-19T16:00:00Z,4511.7,74.81,1937.2,1362.0,6.19,110.93,103.83
2026-05-19T17:00:00Z,4511.2,75.0,1942.7,1363.0,6.21,110.72,103.71
2026-05-19T18:00:00Z,4504.6,74.82,1941.2,1366.0,6.2,110.55,103.44
2026-05-19T19:00:00Z,4496.8,74.49,1936.8,1361.5,6.2,111.69,104.65
2026-05-19T20:00:00Z,4487.0,74.25,1929.5,1360.5,6.2,111.39,104.48
2026-05-19T21:00:00Z,4485.4,73.97,1931.1,1365.0,6.19,111.0,104.03
2026-05-19T23:00:00Z,4487.6,74.32,1935.9,1367.5,6.21,111.1,104.21
2026-05-20T00:00:00Z,4491.8,74.5,1934.9,1370.0,6.2,110.92,103.92
2026-05-20T01:00:00Z,4503.9,74.93,1935.0,1373.5,6.2,110.91,103.87
2026-05-20T02:00:00Z,4484.3,74.54,1922.2,1369.5,6.2,110.64,103.61
2026-05-20T03:00:00Z,4467.2,73.73,1917.7,1365.5,6.15,111.25,104.2
2026-05-20T04:00:00Z,4467.1,73.85,1923.2,1368.0,6.17,110.6,103.66
2026-05-20T05:00:00Z,4464.2,73.81,1923.1,1367.0,6.17,110.89,103.9
2026-05-20T06:00:00Z,4475.2,74.55,1929.2,1369.0,6.18,110.94,103.84
2026-05-20T07:00:00Z,4476.7,75.51,1937.8,1372.5,6.22,109.88,102.79
2026-05-20T08:00:00Z,4480.9,75.26,1940.3,1373.5,6.22,110.0,103.04
2026-05-20T09:00:00Z,4486.5,75.69,1944.6,1382.5,6.24,108.92,102.06
2026-05-20T10:00:00Z,4487.5,75.75,1940.4,1372.5,6.24,109.23,102.35
2026-05-20T11:00:00Z,4497.1,76.01,1948.5,1381.5,6.25,108.33,101.48
2026-05-20T12:00:00Z,4501.2,76.08,1945.4,1371.5,6.25,109.12,102.52
2026-05-20T13:00:00Z,4499.0,75.82,1939.7,1358.5,6.25,108.44,101.66
2026-05-20T14:00:00Z,4485.7,75.16,1931.2,1359.5,6.27,108.98,102.27
2026-05-20T15:00:00Z,4534.4,76.43,1950.6,1379.5,6.31,106.99,100.49
2026-05-20T16:00:00Z,4532.1,76.08,1957.9,1380.0,6.32,105.73,99.26
2026-05-20T17:00:00Z,4537.5,76.28,1962.2,1377.0,6.33,104.73,97.89
2026-05-20T18:00:00Z,4535.1,76.17,1961.3,1377.5,6.33,105.17,98.32
2026-05-20T19:00:00Z,4545.6,76.54,1964.9,1381.5,6.34,104.73,97.95
2026-05-20T20:00:00Z,4548.1,76.3,1962.5,1380.0,6.34,105.07,98.53
2026-05-20T21:00:00Z,4546.2,76.21,1959.8,1377.0,6.33,105.45,99.08
2026-05-20T23:00:00Z,4541.2,76.04,1956.8,1376.0,6.32,105.33,98.99
2026-05-21T00:00:00Z,4548.0,76.25,1963.0,1378.5,6.33,105.31,98.88
2026-05-21T01:00:00Z,4547.0,76.4,1957.6,1377.5,6.35,105.8,99.12
2026-05-21T02:00:00Z,4562.9,76.68,1961.3,1386.0,6.35,105.2,98.6
2026-05-21T03:00:00Z,4535.3,75.71,1943.3,1373.0,6.31,106.01,99.15
2026-05-21T04:00:00Z,4529.9,75.71,1939.0,1371.0,6.31,105.81,99.12
2026-05-21T05:00:00Z,4540.0,76.09,1945.3,1372.5,6.32,105.5,98.84
2026-05-21T06:00:00Z,4528.9,75.79,1938.2,1367.5,6.29,106.09,99.42
2026-05-21T07:00:00Z,4523.1,75.18,1940.3,1363.0,6.25,106.31,99.55
2026-05-21T08:00:00Z,4520.8,75.08,1931.8,1363.5,6.25,105.93,99.28
2026-05-21T09:00:00Z,4534.3,75.84,1947.9,1371.5,6.27,105.05,98.47
2026-05-21T10:00:00Z,4531.7,75.75,1947.8,1374.5,6.28,104.2,97.59
2026-05-21T11:00:00Z,4511.9,75.02,1933.9,1358.5,6.26,107.38,101.06
2026-05-21T12:00:00Z,4515.0,75.28,1936.4,1359.0,6.26,106.88,100.59
2026-05-21T13:00:00Z,4505.0,75.01,1931.6,1353.0,6.26,107.31,101.09
2026-05-21T14:00:00Z,4513.7,75.75,1936.4,1366.5,6.27,106.76,100.53
2026-05-21T15:00:00Z,4510.0,75.45,1944.3,1375.5,6.29,107.65,101.35
2026-05-21T16:00:00Z,4513.0,75.89,1961.0,1391.0,6.29,107.11,100.73
2026-05-21T17:00:00Z,4520.7,76.35,1966.3,1386.0,6.29,106.43,100.01
2026-05-21T18:00:00Z,4553.1,77.14,1977.2,1400.0,6.35,102.74,96.33
2026-05-21T19:00:00Z,4533.7,76.64,1966.5,1394.5,6.33,104.67,98.01
2026-05-21T20:00:00Z,4544.1,77.1,1979.0,1402.5,6.35,104.08,97.32
2026-05-21T21:00:00Z,4544.2,77.01,1980.5,1400.0,6.34,104.88,98.0
2026-05-21T23:00:00Z,4544.1,77.1,1979.7,1400.5,6.35,104.63,97.73
2026-05-22T00:00:00Z,4536.0,76.99,1974.4,1398.5,6.35,104.69,97.74
2026-05-22T01:00:00Z,4528.4,76.54,1968.9,1392.0,6.35,104.6,97.93
2026-05-22T02:00:00Z,4526.7,76.75,1964.8,1392.0,6.35,104.35,97.69
2026-05-22T03:00:00Z,4523.8,76.64,1962.0,1388.0,6.37,104.19,97.47
2026-05-22T04:00:00Z,4529.9,76.75,1963.9,1389.5,6.36,104.31,97.46
2026-05-22T05:00:00Z,4528.1,76.89,1970.6,1392.0,6.38,104.22,97.35
2026-05-22T06:00:00Z,4512.4,76.19,1959.5,1384.5,6.37,105.4,98.38
2026-05-22T07:00:00Z,4527.7,76.62,1961.8,1384.5,6.36,104.86,98.0
2026-05-22T08:00:00Z,4522.7,76.35,1951.2,1381.5,6.35,105.36,98.46
2026-05-22T09:00:00Z,4522.9,76.25,1949.1,1370.5,6.37,105.72,98.7
2026-05-22T10:00:00Z,4532.9,76.36,1948.3,1371.5,6.36,105.44,98.52
2026-05-22T11:00:00Z,4515.5,76.16,1944.0,1371.0,6.34,105.3,98.31
2026-05-22T12:00:00Z,4521.5,76.13,1942.0,1371.5,6.34,104.41,97.52
2026-05-22T13:00:00Z,4529.5,76.5,1945.9,1367.0,6.37,103.07,96.22
2026-05-22T14:00:00Z,4514.5,76.33,1940.6,1370.0,6.36,104.37,97.77
2026-05-22T15:00:00Z,4501.4,75.58,1924.8,1357.0,6.36,104.25,97.57
2026-05-22T16:00:00Z,4521.0,76.33,1936.9,1361.0,6.38,103.57,97.06
2026-05-22T17:00:00Z,4516.3,76.24,1934.6,1361.5,6.38,103.48,96.86
2026-05-22T18:00:00Z,4520.2,76.32,1936.0,1362.0,6.4,102.72,96.07
2026-05-22T19:00:00Z,4517.0,76.28,1935.8,1362.0,6.4,103.11,96.25
2026-05-22T20:00:00Z,4510.0,75.96,1932.2,1359.0,6.4,103.39,96.28
2026-05-22T21:00:00Z,4523.2,76.2,1939.7,1360.3,6.38,103.54,96.6
2026-05-26T05:00:00Z,4526.1,76.71,1957.0,1383.0,6.39,95.46,92.02
2026-05-26T06:00:00Z,4527.8,76.78,1956.9,1384.0,6.39,95.41,91.89
2026-05-26T07:00:00Z,4531.8,76.85,1961.1,1383.5,6.42,95.19,91.67
2026-05-26T08:00:00Z,4538.6,76.69,1959.2,1382.0,6.39,96.14,92.47
2026-05-26T09:00:00Z,4524.7,76.35,1954.2,1382.5,6.39,96.63,93.2
2026-05-26T10:00:00Z,4523.1,76.25,1953.6,1381.0,6.37,96.23,92.61
2026-05-26T11:00:00Z,4534.9,76.67,1957.7,1384.0,6.37,95.54,92.02
2026-05-26T12:00:00Z,4507.5,76.29,1949.3,1382.0,6.38,96.15,92.72
2026-05-26T13:00:00Z,4520.7,76.54,1956.8,1403.5,6.39,96.16,92.8
2026-05-26T14:00:00Z,4514.6,76.33,1954.9,1392.5,6.4,97.39,94.2
2026-05-26T15:00:00Z,4515.6,76.62,1954.9,1390.5,6.4,97.31,94.19
2026-05-26T16:00:00Z,4506.7,76.26,1948.2,1387.5,6.39,97.18,93.9
2026-05-26T17:00:00Z,4505.2,76.45,1951.8,1387.5,6.4,97.01,94.03
2026-05-26T18:00:00Z,4490.0,76.28,1945.8,1382.0,6.39,96.77,93.74
2026-05-26T19:00:00Z,4498.7,76.77,1954.4,1386.0,6.41,96.46,93.68
2026-05-26T20:00:00Z,4508.7,77.35,1964.4,1389.5,6.42,96.48,93.53
2026-05-26T21:00:00Z,4507.3,77.27,1970.8,1391.0,6.42,96.59,93.57
2026-05-26T23:00:00Z,4510.9,77.58,1971.9,1394.0,6.43,96.59,93.58
2026-05-27T00:00:00Z,4519.6,77.69,1973.6,1398.0,6.43,96.4,93.31
2026-05-27T01:00:00Z,4514.6,77.53,1965.4,1394.0,6.45,95.96,92.96
2026-05-27T02:00:00Z,4507.5,77.12,1954.1,1385.0,6.42,95.8,92.85
2026-05-27T03:00:00Z,4505.2,77.15,1954.7,1386.0,6.46,95.38,92.4
2026-05-27T04:00:00Z,4496.3,76.93,1951.0,1379.5,6.44,95.11,92.13
2026-05-27T05:00:00Z,4509.3,77.17,1953.0,1379.5,6.45,95.01,91.94
2026-05-27T06:00:00Z,4496.5,75.94,1935.9,1371.0,6.41,94.93,91.85
2026-05-27T07:00:00Z,4484.5,75.43,1932.1,1367.0,6.4,94.74,91.54
2026-05-27T08:00:00Z,4513.2,75.27,1931.1,1386.5,6.39,94.26,91.12
2026-05-27T09:00:00Z,4528.7,75.76,1936.7,1399.0,6.39,93.31,90.17
2026-05-27T10:00:00Z,4521.8,75.75,1943.5,1412.5,6.4,93.32,89.87
2026-05-27T11:00:00Z,4476.2,74.57,1928.2,1402.5,6.35,93.86,90.21
2026-05-27T12:00:00Z,4458.3,74.06,1916.6,1402.5,6.34,94.14,90.54
2026-05-27T13:00:00Z,4469.4,74.62,1922.9,1409.0,6.38,92.6,88.84
2026-05-27T14:00:00Z,4458.2,74.78,1922.9,1414.0,6.37,93.43,89.8
2026-05-27T15:00:00Z,4465.6,74.57,1917.0,1411.5,6.34,94.16,90.81
2026-05-27T16:00:00Z,4468.0,74.77,1920.4,1417.5,6.33,93.43,90.01
2026-05-27T17:00:00Z,4482.4,74.99,1929.1,1420.0,6.34,93.33,89.88
2026-05-27T18:00:00Z,4481.9,74.74,1926.7,1416.5,6.32,92.8,89.52
2026-05-27T19:00:00Z,4485.9,75.06,1930.5,1417.5,6.33,92.49,88.94
2026-05-27T20:00:00Z,4483.0,74.9,1929.1,1417.0,6.33,92.97,89.44
2026-05-27T21:00:00Z,4488.5,74.89,1932.5,1416.0,6.34,92.86,89.41
2026-05-27T23:00:00Z,4488.0,74.89,1935.0,1415.0,6.33,93.31,89.7
2026-05-28T00:00:00Z,4477.7,74.75,1932.2,1412.0,6.33,93.74,90.2
2026-05-28T01:00:00Z,4487.6,75.17,1936.0,1414.5,6.35,94.1,90.48
2026-05-28T02:00:00Z,4440.4,73.38,1907.0,1397.5,6.28,93.88,90.18
2026-05-28T03:00:00Z,4424.4,73.29,1901.5,1395.0,6.29,94.53,90.94
2026-05-28T04:00:00Z,4405.3,72.52,1893.6,1386.5,6.26,95.6,92.1
2026-05-28T05:00:00Z,4402.2,72.22,1881.4,1382.5,6.25,95.62,92.17
2026-05-28T06:00:00Z,4417.1,73.32,1893.7,1388.0,6.3,95.03,91.58
2026-05-28T07:00:00Z,4413.3,73.39,1902.6,1401.0,6.31,94.7,91.15
2026-05-28T08:00:00Z,4417.2,73.72,1901.0,1391.0,6.33,94.56,90.93
2026-05-28T09:00:00Z,4416.8,73.46,1893.8,1382.0,6.34,94.38,90.56
2026-05-28T10:00:00Z,4424.0,73.78,1898.6,1385.5,6.34,93.86,90.25
2026-05-28T11:00:00Z,4413.6,73.28,1888.7,1374.5,6.32,94.75,91.01
2026-05-28T12:00:00Z,4418.2,73.25,1883.0,1358.5,6.33,94.78,91.3
2026-05-28T13:00:00Z,4461.9,74.42,1907.4,1375.5,6.36,93.85,90.54
2026-05-28T14:00:00Z,4460.6,73.61,1880.5,1360.5,6.34,94.27,90.83
2026-05-28T15:00:00Z,4500.3,74.88,1904.1,1379.5,6.37,93.09,89.49
2026-05-28T16:00:00Z,4512.5,75.35,1914.0,1388.0,6.4,93.15,89.78
2026-05-28T17:00:00Z,4541.8,76.06,1929.4,1396.0,6.43,91.82,88.24
2026-05-28T18:00:00Z,4539.2,76.18,1928.6,1393.0,6.43,92.4,88.85
2026-05-28T19:00:00Z,4532.5,75.93,1925.8,1389.0,6.42,93.02,89.25
2026-05-28T20:00:00Z,4528.7,75.85,1926.2,1390.0,6.42,93.2,89.48
2026-05-28T21:00:00Z,4527.3,75.92,1926.6,1390.5,6.42,92.48,88.53
2026-05-28T23:00:00Z,4521.7,75.86,1923.4,1393.0,6.42,92.4,88.51
2026-05-29T00:00:00Z,4525.6,75.96,1926.4,1393.5,6.42,92.45,88.53
2026-05-29T01:00:00Z,4525.3,75.92,1923.5,1395.0,6.41,92.35,88.36
2026-05-29T02:00:00Z,4536.9,76.28,1928.8,1395.5,6.42,91.88,87.89
2026-05-29T03:00:00Z,4531.7,76.03,1923.0,1391.5,6.42,91.91,87.77
2026-05-29T04:00:00Z,4530.9,75.75,1918.5,1390.5,6.41,92.28,88.17
2026-05-29T05:00:00Z,4544.7,76.21,1926.1,1395.5,6.42,91.73,87.71
2026-05-29T06:00:00Z,4545.8,75.87,1923.6,1394.0,6.41,91.96,88.02
2026-05-29T07:00:00Z,4554.4,76.13,1933.6,1405.5,6.42,91.51,87.48
2026-05-29T08:00:00Z,4555.5,75.85,1923.8,1396.5,6.42,92.64,88.72
2026-05-29T09:00:00Z,4544.7,75.33,1910.3,1386.5,6.39,92.44,88.68
2026-05-29T10:00:00Z,4562.0,75.85,1926.4,1395.5,6.4,91.15,87.5
2026-05-29T11:00:00Z,4569.6,76.03,1927.9,1398.0,6.4,91.06,87.35
2026-05-29T12:00:00Z,4569.1,76.0,1931.5,1399.0,6.4,91.17,87.61
2026-05-29T13:00:00Z,4554.0,75.92,1928.5,1396.5,6.4,91.0,87.33
2026-05-29T14:00:00Z,4567.3,75.68,1932.5,1398.0,6.4,91.28,87.69
2026-05-29T15:00:00Z,4595.2,75.91,1925.4,1391.5,6.41,91.24,87.96
2026-05-29T16:00:00Z,4602.1,76.01,1923.0,1375.0,6.4,91.06,87.6
2026-05-29T17:00:00Z,4597.7,76.12,1926.4,1383.0,6.39,90.55,86.58
2026-05-29T18:00:00Z,4584.4,75.68,1919.3,1368.5,6.37,91.04,87.19
2026-05-29T19:00:00Z,4584.2,75.76,1925.1,1378.5,6.39,91.46,87.64
2026-05-29T20:00:00Z,4576.8,75.83,1928.2,1376.5,6.39,91.92,88.08
2026-05-29T21:00:00Z,4593.0,75.88,1929.5,1381.9,6.39,91.12,87.36
2026-05-31T23:00:00Z,4565.9,75.35,1931.4,1378.5,6.4,93.26,89.59
2026-06-01T00:00:00Z,4570.7,75.9,1938.4,1382.5,6.41,92.92,89.42
2026-06-01T01:00:00Z,4571.4,75.86,1941.6,1384.0,6.42,92.92,89.33
2026-06-01T02:00:00Z,4556.2,75.86,1942.4,1386.5,6.45,93.31,89.88
2026-06-01T03:00:00Z,4552.0,75.87,1944.6,1386.5,6.45,93.02,89.61
2026-06-01T04:00:00Z,4546.0,75.63,1937.6,1381.0,6.44,93.28,89.74
2026-06-01T05:00:00Z,4544.7,75.83,1941.9,1385.5,6.46,93.06,89.65
2026-06-01T06:00:00Z,4548.2,76.1,1951.0,1386.0,6.45,93.26,89.75
2026-06-01T07:00:00Z,4531.7,75.68,1943.2,1375.5,6.44,93.76,90.16
2026-06-01T08:00:00Z,4532.7,76.06,1936.2,1371.0,6.49,93.94,90.37
2026-06-01T09:00:00Z,4527.4,75.96,1931.8,1364.5,6.51,94.24,90.82
2026-06-01T10:00:00Z,4525.6,75.94,1936.1,1368.5,6.55,94.0,90.8
2026-06-01T11:00:00Z,4534.1,75.98,1948.1,1376.0,6.55,94.05,90.64
2026-06-01T12:00:00Z,4536.0,76.0,1949.0,1377.0,6.58,93.6,90.25
2026-06-01T13:00:00Z,4532.0,76.1,1954.7,1379.5,6.54,92.99,89.66
2026-06-01T14:00:00Z,4480.1,74.19,1918.0,1366.0,6.47,97.23,94.14
2026-06-01T15:00:00Z,4488.5,74.56,1924.8,1369.0,6.51,97.56,94.52
2026-06-01T16:00:00Z,4504.1,75.18,1934.4,1386.5,6.54,96.96,93.78
2026-06-01T17:00:00Z,4510.6,75.26,1932.1,1382.5,6.55,95.93,92.82
2026-06-01T18:00:00Z,4517.5,75.64,1939.5,1392.5,6.58,94.91,91.79
2026-06-01T19:00:00Z,4516.8,75.53,1938.6,1392.0,6.58,95.29,92.52
2026-06-01T20:00:00Z,4511.1,75.11,1930.4,1387.5,6.57,95.28,92.44
2026-06-01T21:00:00Z,4514.8,75.15,1933.1,1384.0,6.57,95.3,92.47
2026-06-01T23:00:00Z,4515.3,75.23,1935.1,1386.0,6.57,95.16,92.3
2026-06-02T00:00:00Z,4514.3,75.31,1937.6,1389.0,6.57,94.85,91.93
2026-06-02T01:00:00Z,4511.0,75.21,1934.0,1383.0,6.55,95.4,92.4
2026-06-02T02:00:00Z,4503.6,75.14,1934.8,1381.0,6.54,94.56,91.68
2026-06-02T03:00:00Z,4516.2,75.61,1947.1,1386.0,6.57,94.65,91.77
2026-06-02T04:00:00Z,4528.4,75.53,1951.2,1389.0,6.57,94.38,91.45
2026-06-02T05:00:00Z,4547.7,76.08,1958.2,1394.5,6.58,94.15,91.21
2026-06-02T06:00:00Z,4547.0,76.72,1971.3,1411.5,6.61,94.28,91.37
2026-06-02T07:00:00Z,4566.0,77.1,1978.3,1412.5,6.63,94.38,91.55
2026-06-02T08:00:00Z,4565.2,77.26,1985.5,1418.5,6.64,93.56,90.82
2026-06-02T09:00:00Z,4557.0,76.76,1971.9,1408.5,6.63,93.32,90.65
2026-06-02T10:00:00Z,4559.4,76.6,1967.0,1410.5,6.61,93.77,91.01
2026-06-02T11:00:00Z,4563.1,76.72,1962.5,1406.0,6.61,93.83,91.17
2026-06-02T12:00:00Z,4557.3,76.62,1958.7,1404.5,6.64,93.79,91.02
2026-06-02T13:00:00Z,4544.0,76.4,1967.6,1403.0,6.64,94.06,91.14
2026-06-02T14:00:00Z,4532.1,76.18,1941.8,1381.0,6.66,94.97,92.28
2026-06-02T15:00:00Z,4533.7,76.04,1947.3,1390.5,6.67,94.88,91.92
2026-06-02T16:00:00Z,4531.7,76.1,1951.9,1399.0,6.7,95.48,92.86
2026-06-02T17:00:00Z,4521.3,75.73,1940.2,1392.0,6.68,95.72,93.12
2026-06-02T18:00:00Z,4514.0,75.4,1937.7,1390.0,6.66,96.14,93.84
2026-06-02T19:00:00Z,4516.9,75.48,1940.2,1392.0,6.66,96.16,93.9
2026-06-02T20:00:00Z,4517.7,75.46,1939.9,1394.5,6.67,96.01,93.69
2026-06-02T21:00:00Z,4519.2,75.44,1938.2,1392.5,6.68,95.78,93.39
2026-06-02T23:00:00Z,4514.0,75.23,1932.7,1390.5,6.67,96.59,94.25
2026-06-03T00:00:00Z,4502.9,75.11,1936.2,1389.0,6.67,96.73,94.61
2026-06-03T01:00:00Z,4514.4,75.43,1942.5,1390.5,6.68,96.67,94.38
2026-06-03T02:00:00Z,4504.0,75.0,1928.8,1388.0,6.66,96.94,94.85
2026-06-03T03:00:00Z,4509.8,75.22,1934.2,1392.5,6.66,96.9,94.72
2026-06-03T04:00:00Z,4512.0,75.43,1936.6,1394.0,6.67,96.95,94.72
2026-06-03T05:00:00Z,4497.5,74.94,1931.2,1389.5,6.66,97.08,94.9
2026-06-03T06:00:00Z,4485.8,74.66,1927.5,1379.0,6.64,97.78,95.56
2026-06-03T07:00:00Z,4491.7,74.62,1932.4,1382.5,6.6,97.88,95.75
2026-06-03T08:00:00Z,4481.6,74.33,1922.3,1376.0,6.58,97.93,95.88
2026-06-03T09:00:00Z,4472.3,74.36,1925.1,1373.5,6.6,98.47,96.34
2026-06-03T10:00:00Z,4471.3,74.22,1924.5,1369.0,6.6,98.89,96.87
2026-06-03T11:00:00Z,4487.7,74.61,1929.2,1372.5,6.61,98.28,95.99
2026-06-03T12:00:00Z,4490.6,74.79,1929.7,1369.5,6.61,97.94,95.71
2026-06-03T13:00:00Z,4488.6,74.47,1917.1,1362.0,6.58,97.95,96.02
2026-06-03T14:00:00Z,4475.2,74.04,1902.4,1353.0,6.53,96.94,94.48
2026-06-03T15:00:00Z,4485.3,74.18,1901.4,1356.0,6.55,97.49,95.25
2026-06-03T16:00:00Z,4469.8,73.64,1877.1,1342.5,6.51,97.94,95.9
2026-06-03T17:00:00Z,4469.4,73.65,1872.3,1338.5,6.51,97.72,95.67
2026-06-03T18:00:00Z,4467.2,73.49,1869.4,1331.5,6.5,98.09,96.24
2026-06-03T19:00:00Z,4470.1,73.48,1865.5,1329.0,6.49,97.94,96.06
2026-06-03T20:00:00Z,4472.0,73.43,1862.7,1320.5,6.49,97.99,96.22
2026-06-03T21:00:00Z,4462.7,72.98,1862.0,1315.5,6.48,97.86,96.2
2026-06-03T23:00:00Z,4475.3,73.36,1862.0,1321.0,6.49,97.22,95.24
2026-06-04T00:00:00Z,4483.5,73.4,1867.9,1321.5,6.49,97.14,95.39
2026-06-04T01:00:00Z,4475.6,73.46,1868.5,1324.0,6.5,96.97,95.32
2026-06-04T02:00:00Z,4492.5,73.28,1871.4,1323.5,6.45,96.67,95.01
2026-06-04T03:00:00Z,4502.0,73.8,1883.0,1326.5,6.46,96.54,94.84
2026-06-04T04:00:00Z,4490.6,73.65,1878.4,1319.5,6.46,96.85,95.11
2026-06-04T05:00:00Z,4508.1,73.92,1887.1,1325.0,6.47,96.91,95.21
2026-06-04T06:00:00Z,4496.0,73.4,1878.0,1317.0,6.44,96.87,95.18
2026-06-04T07:00:00Z,4494.7,73.38,1882.6,1320.5,6.44,96.97,95.21
2026-06-04T08:00:00Z,4488.5,73.43,1878.5,1320.0,6.46,97.05,95.42
2026-06-04T09:00:00Z,4490.2,73.47,1887.4,1322.5,6.49,96.56,94.88
2026-06-04T10:00:00Z,4498.2,73.71,1891.1,1326.5,6.52,96.1,94.51
2026-06-04T11:00:00Z,4501.6,73.68,1887.7,1323.0,6.51,96.4,94.91
2026-06-04T12:00:00Z,4539.2,74.89,1906.1,1341.0,6.53,94.41,92.45
2026-06-04T13:00:00Z,4531.6,74.77,1904.3,1332.5,6.52,94.74,92.66
2026-06-04T14:00:00Z,4523.7,74.56,1898.0,1328.0,6.54,94.8,92.36
2026-06-04T15:00:00Z,4493.1,73.74,1889.5,1329.5,6.53,95.35,93.06
2026-06-04T16:00:00Z,4504.9,74.08,1897.2,1334.5,6.53,95.07,93.0
2026-06-04T17:00:00Z,4510.8,74.08,1899.8,1335.0,6.53,94.75,92.39
2026-06-04T18:00:00Z,4506.0,74.17,1899.7,1331.0,6.55,94.64,92.33
2026-06-04T19:00:00Z,4505.9,74.24,1901.5,1331.5,6.55,95.31,93.33
2026-06-04T20:00:00Z,4508.9,74.32,1900.8,1331.0,6.54,95.29,93.17
2026-06-04T21:00:00Z,4502.4,74.12,1898.5,1327.5,6.53,95.14,92.91
2026-06-04T23:00:00Z,4496.9,74.13,1897.6,1329.5,6.53,95.24,92.9
2026-06-05T00:00:00Z,4488.4,74.05,1889.4,1326.0,6.51,95.2,92.97
2026-06-05T01:00:00Z,4485.8,73.55,1879.2,1317.0,6.48,94.95,92.69
2026-06-05T02:00:00Z,4473.3,72.83,1873.0,1306.0,6.45,95.45,93.14
2026-06-05T03:00:00Z,4467.1,72.78,1882.1,1309.5,6.43,95.73,93.42
2026-06-05T04:00:00Z,4468.4,72.89,1880.3,1309.5,6.43,95.4,93.14
2026-06-05T05:00:00Z,4471.0,73.0,1884.5,1315.0,6.44,95.33,93.03
2026-06-05T06:00:00Z,4465.9,72.46,1878.2,1308.5,6.43,95.38,92.94
2026-06-05T07:00:00Z,4479.7,72.76,1886.3,1320.0,6.42,95.05,92.76
2026-06-05T08:00:00Z,4487.7,72.77,1883.4,1316.5,6.42,94.89,92.69
2026-06-05T09:00:00Z,4489.8,72.76,1876.5,1309.5,6.41,94.97,92.84
2026-06-05T10:00:00Z,4491.9,72.94,1886.0,1325.0,6.43,94.97,92.85
2026-06-05T11:00:00Z,4493.7,73.04,1891.3,1327.5,6.44,94.84,92.86
2026-06-05T12:00:00Z,4497.0,73.17,1900.0,1336.0,6.45,94.78,92.89
2026-06-05T13:00:00Z,4432.1,71.64,1873.3,1318.5,6.38,94.57,92.39
2026-06-05T14:00:00Z,4390.5,69.78,1841.2,1308.0,6.34,93.96,91.48
2026-06-05T15:00:00Z,4394.6,69.58,1829.1,1294.5,6.33,93.88,91.31
2026-06-05T16:00:00Z,4360.4,68.89,1802.3,1261.0,6.28,93.45,90.77
2026-06-05T17:00:00Z,4369.1,69.35,1798.0,1265.5,6.29,92.99,90.08
2026-06-05T18:00:00Z,4366.2,69.04,1793.0,1259.0,6.29,92.94,90.03
2026-06-05T19:00:00Z,4346.7,68.44,1778.7,1249.5,6.27,92.94,90.3
2026-06-05T20:00:00Z,4343.5,68.16,1784.5,1245.0,6.26,92.97,90.24
2026-06-05T21:00:00Z,4365.3,69.1,1797.9,1263.6,6.28,93.09,90.54
2026-06-07T23:00:00Z,4341.4,67.42,1771.2,1237.0,6.24,95.5,92.87
2026-06-08T00:00:00Z,4367.9,68.31,1789.2,1250.0,6.27,95.41,92.74
2026-06-08T01:00:00Z,4366.0,68.44,1788.6,1251.5,6.28,95.12,92.41
2026-06-08T02:00:00Z,4349.6,67.96,1768.0,1238.5,6.29,95.87,93.29
2026-06-08T03:00:00Z,4334.5,67.61,1770.8,1239.0,6.29,96.41,93.64
2026-06-08T04:00:00Z,4339.8,67.93,1768.6,1240.0,6.29,96.4,93.55
2026-06-08T05:00:00Z,4337.2,67.9,1756.5,1230.0,6.27,97.3,94.47
2026-06-08T06:00:00Z,4317.5,66.76,1749.2,1222.0,6.26,97.43,94.48
2026-06-08T07:00:00Z,4325.3,67.25,1760.2,1233.0,6.29,97.63,94.62
2026-06-08T08:00:00Z,4319.9,67.08,1758.2,1227.5,6.29,97.61,94.61
2026-06-08T09:00:00Z,4313.1,67.18,1763.3,1223.0,6.32,97.42,94.66
2026-06-08T10:00:00Z,4318.8,67.21,1761.7,1223.5,6.33,96.88,94.67
2026-06-08T11:00:00Z,4326.4,67.31,1760.7,1217.0,6.34,96.08,93.76
2026-06-08T12:00:00Z,4356.3,68.6,1781.9,1227.5,6.37,94.07,91.22
2026-06-08T13:00:00Z,4358.0,69.01,1772.2,1226.0,6.39,94.92,91.91
2026-06-08T14:00:00Z,4351.8,68.08,1750.5,1214.5,6.36,94.23,91.06
2026-06-08T15:00:00Z,4355.8,68.57,1754.6,1222.0,6.38,94.75,91.77
2026-06-08T16:00:00Z,4366.1,68.82,1754.2,1211.5,6.36,94.75,91.61
2026-06-08T17:00:00Z,4365.0,68.76,1754.1,1215.5,6.35,94.54,91.41
2026-06-08T18:00:00Z,4363.4,68.57,1755.0,1213.0,6.34,94.27,91.12
2026-06-08T19:00:00Z,4358.8,68.44,1754.3,1216.5,6.34,94.23,91.14
2026-06-08T20:00:00Z,4350.3,68.24,1754.9,1219.0,6.34,94.22,91.25
2026-06-08T21:00:00Z,4353.8,68.32,1759.3,1222.5,6.33,94.19,91.28
2026-06-08T23:00:00Z,4351.5,68.3,1759.5,1226.5,6.34,94.35,91.37
2026-06-09T00:00:00Z,4340.9,68.0,1751.7,1220.0,6.32,94.37,91.38
2026-06-09T01:00:00Z,4344.1,67.86,1751.4,1217.5,6.31,94.11,91.03
2026-06-09T02:00:00Z,4360.8,68.18,1758.3,1225.5,6.34,93.99,90.95
2026-06-09T03:00:00Z,4360.4,67.76,1758.6,1228.5,6.33,93.61,90.63
2026-06-09T04:00:00Z,4359.8,68.08,1754.8,1222.0,6.33,93.4,90.13
2026-06-09T05:00:00Z,4356.5,68.0,1752.0,1222.5,6.33,93.5,90.27
2026-06-09T06:00:00Z,4367.9,68.49,1759.0,1228.0,6.36,93.3,90.14
2026-06-09T07:00:00Z,4354.4,68.46,1759.4,1227.0,6.37,93.29,89.93
2026-06-09T08:00:00Z,4350.2,68.48,1760.4,1232.5,6.38,92.97,89.7
2026-06-09T09:00:00Z,4350.4,68.54,1760.0,1233.0,6.42,92.53,89.25
2026-06-09T10:00:00Z,4356.0,68.5,1765.2,1242.0,6.4,92.49,89.16
2026-06-09T11:00:00Z,4363.3,68.72,1770.9,1246.0,6.43,92.24,89.01
2026-06-09T12:00:00Z,4364.3,68.69,1772.5,1250.0,6.43,92.8,89.56
2026-06-09T13:00:00Z,4365.4,68.78,1779.3,1257.5,6.43,92.51,89.04
2026-06-09T14:00:00Z,4353.2,68.14,1763.4,1254.0,6.43,91.1,87.84
2026-06-09T15:00:00Z,4325.0,66.18,1738.3,1242.5,6.4,91.18,87.78
2026-06-09T16:00:00Z,4296.7,65.39,1715.2,1233.0,6.35,90.16,86.7
2026-06-09T17:00:00Z,4276.0,65.0,1708.2,1230.0,6.32,91.44,87.87
2026-06-09T18:00:00Z,4287.2,65.22,1717.5,1234.5,6.34,91.56,88.15
2026-06-09T19:00:00Z,4294.4,65.81,1728.6,1240.5,6.36,91.4,88.05
2026-06-09T20:00:00Z,4282.7,65.36,1723.0,1238.0,6.34,91.56,88.3
2026-06-09T21:00:00Z,4284.8,65.46,1725.5,1238.0,6.35,91.83,88.7
2026-06-09T23:00:00Z,4260.4,65.04,1720.0,1235.0,6.33,92.44,89.12
2026-06-10T00:00:00Z,4245.1,65.03,1716.4,1231.5,6.34,92.44,89.18
2026-06-10T01:00:00Z,4241.6,64.76,1708.1,1223.5,6.33,92.25,88.86
2026-06-10T02:00:00Z,4212.2,64.75,1673.3,1222.0,6.33,92.6,89.27
2026-06-10T03:00:00Z,4197.8,63.92,1665.7,1210.5,6.3,92.25,88.96
2026-06-10T04:00:00Z,4208.2,64.24,1668.2,1213.0,6.31,91.89,88.61
2026-06-10T05:00:00Z,4198.0,63.65,1657.5,1206.5,6.27,91.91,88.66
2026-06-10T06:00:00Z,4228.7,64.67,1678.2,1216.5,6.31,91.33,88.07
2026-06-10T07:00:00Z,4227.1,65.06,1682.9,1221.0,6.32,91.53,88.26
2026-06-10T08:00:00Z,4209.7,64.48,1674.0,1217.0,6.31,91.4,88.02
2026-06-10T09:00:00Z,4191.7,63.92,1672.1,1226.0,6.25,91.08,87.68
2026-06-10T10:00:00Z,4191.6,64.1,1670.4,1225.5,6.24,91.19,87.92
2026-06-10T11:00:00Z,4197.5,64.54,1677.6,1233.0,6.26,91.15,88.03
2026-06-10T12:00:00Z,4170.2,63.9,1659.9,1233.5,6.24,93.09,90.05
2026-06-10T13:00:00Z,4169.6,64.4,1677.3,1238.5,6.27,92.12,89.08
2026-06-10T14:00:00Z,4203.0,65.74,1696.0,1253.0,6.32,92.78,89.79
2026-06-10T15:00:00Z,4147.1,64.64,1683.6,1244.0,6.28,93.12,90.26
2026-06-10T16:00:00Z,4151.9,65.04,1698.1,1248.5,6.29,93.66,90.63
2026-06-10T17:00:00Z,4144.6,65.06,1692.1,1245.5,6.26,93.96,91.05
2026-06-10T18:00:00Z,4134.9,64.98,1682.9,1240.5,6.25,93.91,90.89
2026-06-10T19:00:00Z,4125.0,64.75,1680.7,1239.0,6.24,93.29,90.19
2026-06-10T20:00:00Z,4106.2,63.88,1671.7,1229.5,6.21,93.4,90.42
2026-06-10T21:00:00Z,4094.1,63.5,1665.1,1225.5,6.2,94.71,91.85
2026-06-10T22:00:00Z,,,,,,,91.85
2026-06-10T23:00:00Z,4069.1,62.76,1654.9,1224.0,6.18,96.09,93.35
2026-06-11T00:00:00Z,4069.7,62.49,1647.0,1221.0,6.19,95.16,92.47
2026-06-11T01:00:00Z,4097.5,63.72,1665.6,1234.0,6.22,95.15,92.35
2026-06-11T02:00:00Z,4122.4,64.2,1679.2,1253.0,6.25,94.53,91.65
2026-06-11T03:00:00Z,4089.3,63.41,1664.8,1247.0,6.2,94.38,91.57
2026-06-11T04:00:00Z,4095.5,63.71,1665.9,1248.5,6.21,94.69,91.81
2026-06-11T05:00:00Z,4103.8,64.08,1669.7,1254.5,6.22,94.11,91.11
2026-06-11T06:00:00Z,4115.5,64.06,1671.2,1259.0,6.23,93.57,90.6
2026-06-11T07:00:00Z,4115.7,64.21,1677.6,1254.5,6.23,93.39,90.47
2026-06-11T08:00:00Z,4125.8,64.54,1680.2,1256.5,6.24,92.72,89.83
2026-06-11T09:00:00Z,4105.6,64.43,1672.0,1249.0,6.22,92.18,89.1
2026-06-11T10:00:00Z,4112.4,64.16,1672.0,1249.5,6.21,92.19,89.31
2026-06-11T11:00:00Z,4110.3,64.05,1665.8,1252.5,6.23,91.97,88.96
2026-06-11T12:00:00Z,4100.7,63.9,1662.1,1255.5,6.25,91.98,89.04
2026-06-11T13:00:00Z,4102.5,63.54,1668.7,1241.5,6.25,92.93,90.06
2026-06-11T14:00:00Z,4104.3,64.16,1684.9,1256.0,6.26,92.1,89.34
2026-06-11T15:00:00Z,4094.4,64.07,1677.3,1258.0,6.26,92.66,90.07
2026-06-11T16:00:00Z,4110.0,64.12,1677.8,1255.0,6.28,93.53,90.84
2026-06-11T17:00:00Z,4101.2,63.95,1665.3,1248.5,6.28,93.47,90.84
2026-06-11T18:00:00Z,4173.2,66.0,1711.8,1276.5,6.36,90.17,87.39
2026-06-11T19:00:00Z,4183.1,66.23,1711.8,1282.0,6.36,90.53,87.8
2026-06-11T20:00:00Z,4229.9,67.38,1726.6,1286.5,6.4,89.2,86.53
2026-06-11T21:00:00Z,4233.8,67.49,1724.8,1283.5,6.39,89.09,86.42
2026-06-11T23:00:00Z,4264.2,67.95,1731.9,1296.0,6.4,88.6,85.95
2026-06-12T00:00:00Z,4240.6,67.57,1727.1,1292.5,6.39,88.75,86.06
2026-06-12T01:00:00Z,4229.0,67.44,1728.3,1292.5,6.39,89.4,86.64
2026-06-12T02:00:00Z,4208.2,67.0,1736.4,1296.5,6.4,89.34,86.81
2026-06-12T03:00:00Z,4213.5,67.2,1736.3,1295.0,6.42,89.32,86.74
2026-06-12T04:00:00Z,4220.9,67.28,1742.0,1300.5,6.43,88.8,86.28
2026-06-12T05:00:00Z,4211.9,67.01,1735.9,1299.0,6.42,88.6,86.08
2026-06-12T06:00:00Z,4194.7,66.64,1722.9,1290.5,6.39,88.57,86.06
2026-06-12T07:00:00Z,4205.4,66.75,1731.3,1303.0,6.38,88.63,86.1
2026-06-12T08:00:00Z,4215.2,66.46,1724.3,1306.0,6.38,87.58,85.19
2026-06-12T09:00:00Z,4241.2,67.01,1723.7,1319.0,6.4,86.6,83.87
2026-06-12T10:00:00Z,4243.1,67.34,1726.7,1323.5,6.42,86.89,84.16
2026-06-12T11:00:00Z,4231.9,67.11,1722.8,1314.0,6.39,87.32,84.7
2026-06-12T12:00:00Z,4227.8,67.28,1721.4,1314.0,6.39,87.76,84.9
2026-06-12T13:00:00Z,4212.3,66.57,1702.8,1281.5,6.36,88.02,85.09
2026-06-12T14:00:00Z,4206.7,66.35,1706.5,1286.0,6.41,89.66,87.02
2026-06-12T15:00:00Z,4224.9,67.16,1708.6,1281.0,6.42,87.63,84.96
2026-06-12T16:00:00Z,4232.4,67.6,1708.6,1285.0,6.41,86.9,84.41
2026-06-12T17:00:00Z,4236.5,67.84,1716.2,1292.5,6.44,87.36,84.84
2026-06-12T18:00:00Z,4241.8,68.14,1708.5,1288.5,6.45,87.39,84.91
2026-06-12T19:00:00Z,4236.2,68.0,1711.5,1290.0,6.46,86.95,84.45
2026-06-12T20:00:00Z,4231.9,67.88,1713.5,1293.0,6.49,86.81,84.3
2026-06-12T21:00:00Z,4238.8,67.97,1712.2,1291.5,6.45,87.33,84.88
2026-06-14T23:00:00Z,4305.8,70.16,1759.7,1328.5,6.51,84.19,81.27
2026-06-15T00:00:00Z,4314.3,70.39,1765.0,1332.0,6.52,83.8,81.0
2026-06-15T01:00:00Z,4313.1,70.14,1764.6,1336.0,6.52,83.87,80.97
2026-06-15T02:00:00Z,4337.5,70.32,1776.3,1340.5,6.54,83.94,80.91
2026-06-15T03:00:00Z,4350.7,70.68,1784.2,1341.5,6.55,83.12,80.09
2026-06-15T04:00:00Z,4345.7,70.42,1774.2,1338.0,6.54,83.3,80.54
2026-06-15T05:00:00Z,4349.5,70.57,1777.2,1339.5,6.55,83.28,80.53
2026-06-15T06:00:00Z,4331.4,70.07,1770.0,1334.0,6.53,83.69,80.79
2026-06-15T07:00:00Z,4329.1,70.18,1768.0,1327.0,6.52,83.46,80.5
2026-06-15T08:00:00Z,4344.3,70.31,1776.6,1341.0,6.52,83.27,80.49
2026-06-15T09:00:00Z,4355.4,70.55,1782.6,1355.5,6.51,83.03,80.42
2026-06-15T10:00:00Z,4357.7,70.78,1782.4,1355.0,6.49,82.86,80.25
2026-06-15T11:00:00Z,4359.1,70.78,1784.9,1360.0,6.49,83.21,80.59
2026-06-15T12:00:00Z,4356.6,70.83,1798.5,1359.0,6.51,83.1,80.42
2026-06-15T13:00:00Z,4370.5,71.26,1804.3,1362.5,6.52,83.12,80.34
2026-06-15T14:00:00Z,4376.8,71.11,1809.6,1372.0,6.5,82.91,80.24
2026-06-15T15:00:00Z,4378.5,70.78,1791.4,1368.5,6.49,83.12,80.47
2026-06-15T16:00:00Z,4377.6,70.75,1784.5,1370.5,6.49,82.77,80.27
2026-06-15T17:00:00Z,4360.6,70.39,1773.9,1362.5,6.49,83.2,80.51
2026-06-15T18:00:00Z,4346.0,70.18,1775.8,1356.5,6.49,83.19,80.58
2026-06-15T19:00:00Z,4347.3,70.24,1778.3,1357.0,6.5,83.37,80.88
2026-06-15T20:00:00Z,4342.4,70.26,1775.5,1353.5,6.5,83.6,81.32
2026-06-15T21:00:00Z,4331.0,70.06,1774.2,1348.5,6.49,83.51,81.16
2026-06-15T23:00:00Z,4333.1,70.0,1770.4,1350.0,6.48,83.64,81.4
2026-06-16T00:00:00Z,4337.3,69.99,1770.8,1345.5,6.48,83.76,81.53
2026-06-16T01:00:00Z,4340.3,69.94,1770.1,1343.0,6.48,83.67,81.31
2026-06-16T02:00:00Z,4334.0,69.39,1754.8,1334.5,6.44,83.29,80.92
2026-06-16T03:00:00Z,4339.7,69.59,1757.5,1336.5,6.45,82.99,80.72
2026-06-16T04:00:00Z,4351.4,69.89,1765.4,1344.0,6.47,82.95,80.69
2026-06-16T05:00:00Z,4343.2,69.76,1761.5,1341.0,6.47,82.82,80.58
2026-06-16T06:00:00Z,4337.2,69.35,1756.0,1338.0,6.46,82.77,80.48
2026-06-16T07:00:00Z,4345.0,69.79,1773.4,1340.5,6.45,82.81,80.55
2026-06-16T08:00:00Z,4356.6,70.21,1784.2,1349.5,6.45,81.87,78.15
2026-06-16T09:00:00Z,4368.3,70.64,1801.4,1365.0,6.48,81.16,77.48
2026-06-16T10:00:00Z,4366.2,70.51,1803.5,1367.5,6.48,81.51,77.77
2026-06-16T11:00:00Z,4369.9,70.62,1804.3,1372.5,6.5,81.02,77.3
2026-06-16T12:00:00Z,4361.4,70.67,1811.2,1375.0,6.5,80.82,77.28
2026-06-16T13:00:00Z,4375.9,71.25,1819.1,1373.0,6.5,80.12,76.42
2026-06-16T14:00:00Z,4352.7,70.29,1810.5,1379.5,6.52,80.55,76.86
2026-06-16T15:00:00Z,4344.4,69.87,1803.0,1360.5,6.51,80.03,76.29
2026-06-16T16:00:00Z,4355.7,70.14,1806.8,1364.5,6.5,78.99,75.21
2026-06-16T17:00:00Z,4361.8,70.16,1817.7,1371.0,6.5,78.71,74.98
2026-06-16T18:00:00Z,4361.5,70.34,1822.0,1371.5,6.5,78.86,75.07
2026-06-16T19:00:00Z,4360.0,70.42,1820.1,1372.5,6.49,79.28,75.65
2026-06-16T20:00:00Z,4355.6,70.21,1815.8,1366.5,6.5,79.67,76.12
2026-06-16T21:00:00Z,4353.0,70.12,1809.9,1365.5,6.48,79.46,75.83
2026-06-16T23:00:00Z,4355.0,70.22,1811.7,1361.5,6.49,79.57,75.93
2026-06-17T00:00:00Z,4350.8,69.94,1805.5,1364.0,6.49,79.54,75.86
2026-06-17T01:00:00Z,4356.9,70.28,1810.3,1363.5,6.5,79.54,75.86
2026-06-17T02:00:00Z,4361.0,70.55,1819.0,1368.5,6.53,79.01,75.43
2026-06-17T03:00:00Z,4351.2,70.26,1797.0,1352.5,6.51,78.99,75.35
2026-06-17T04:00:00Z,4351.2,70.22,1799.2,1352.0,6.52,78.44,74.8
2026-06-17T05:00:00Z,4346.1,70.18,1798.6,1352.5,6.53,78.46,74.89
2026-06-17T06:00:00Z,4346.1,70.44,1795.2,1353.0,6.53,79.04,75.46
2026-06-17T07:00:00Z,4351.2,70.42,1792.9,1358.0,6.53,78.47,74.79
2026-06-17T08:00:00Z,4344.7,70.04,1790.4,1360.0,6.55,78.58,74.99
2026-06-17T09:00:00Z,4344.2,69.82,1792.5,1357.5,6.51,79.09,75.39
2026-06-17T10:00:00Z,4349.3,70.01,1792.7,1354.5,6.53,79.01,75.35
2026-06-17T11:00:00Z,4351.1,70.04,1793.9,1357.0,6.54,79.3,75.7
2026-06-17T12:00:00Z,4342.6,69.82,1789.0,1350.5,6.52,79.68,76.02
2026-06-17T13:00:00Z,4353.3,70.04,1790.4,1362.0,6.5,79.55,75.84
2026-06-17T14:00:00Z,4359.8,70.22,1788.1,1363.5,6.47,80.08,76.37
2026-06-17T15:00:00Z,4364.1,70.38,1786.4,1363.0,6.48,80.6,77.0
2026-06-17T16:00:00Z,4383.6,70.79,1791.9,1366.5,6.49,79.59,75.86
2026-06-17T17:00:00Z,4379.8,70.68,1792.4,1364.5,6.49,79.19,75.64
2026-06-17T18:00:00Z,4401.1,71.4,1807.1,1370.0,6.51,79.21,75.66
2026-06-17T19:00:00Z,4305.2,69.2,1758.0,1339.0,6.44,79.28,75.74
2026-06-17T20:00:00Z,4254.3,67.1,1729.0,1316.5,6.35,78.89,75.31
2026-06-17T21:00:00Z,4276.3,67.96,1737.2,1326.5,6.36,78.69,75.01
2026-06-17T23:00:00Z,4285.8,68.04,1744.1,1326.5,6.38,79.02,75.38
2026-06-18T00:00:00Z,4297.2,68.45,1750.1,1331.5,6.4,78.98,75.32
2026-06-18T01:00:00Z,4328.0,69.24,1761.9,1341.5,6.4,78.88,75.3
2026-06-18T02:00:00Z,4337.7,69.46,1759.1,1337.0,6.41,78.36,74.8
2026-06-18T03:00:00Z,4331.0,68.91,1755.8,1336.5,6.38,78.57,74.8
2026-06-18T04:00:00Z,4339.6,69.28,1761.6,1339.0,6.39,78.21,74.54
2026-06-18T05:00:00Z,4336.0,69.06,1758.2,1335.5,6.38,77.78,74.12
2026-06-18T06:00:00Z,4328.0,68.88,1753.5,1334.5,6.39,77.74,74.04
2026-06-18T07:00:00Z,4326.6,68.93,1749.7,1337.0,6.41,77.85,74.2
2026-06-18T08:00:00Z,4308.4,68.53,1735.9,1323.0,6.42,78.05,74.34
2026-06-18T09:00:00Z,4285.9,68.12,1720.2,1301.0,6.38,77.71,73.98
2026-06-18T10:00:00Z,4287.7,68.49,1725.8,1305.0,6.4,77.72,73.74
2026-06-18T11:00:00Z,4273.9,67.83,1715.0,1290.0,6.4,78.51,74.63
2026-06-18T12:00:00Z,4260.6,66.88,1698.7,1284.5,6.36,78.61,74.72
2026-06-18T13:00:00Z,4265.1,66.56,1715.0,1301.5,6.41,78.44,74.44
2026-06-18T14:00:00Z,4275.5,67.02,1720.5,1300.0,6.41,77.08,73.2
2026-06-18T15:00:00Z,4271.7,66.58,1724.0,1295.5,6.41,77.08,73.3
2026-06-18T16:00:00Z,4245.5,66.18,1715.6,1294.5,6.4,77.68,73.92
2026-06-18T17:00:00Z,4238.7,66.21,1704.5,1290.0,6.39,78.12,74.28
2026-06-18T18:00:00Z,4249.5,66.22,1704.5,1294.0,6.39,78.31,74.52
2026-06-18T19:00:00Z,4237.7,65.96,1699.7,1289.5,6.38,79.47,75.63
2026-06-18T20:00:00Z,4236.2,65.86,1698.1,1290.5,6.38,79.61,75.73
2026-06-18T21:00:00Z,4227.9,65.78,1695.9,1290.0,6.38,79.44,75.52
2026-06-18T23:00:00Z,4225.9,65.75,1696.0,1286.5,6.38,79.24,75.38
2026-06-19T00:00:00Z,4206.8,65.34,1685.0,1285.5,6.37,79.11,75.38
2026-06-19T01:00:00Z,4209.0,65.42,1682.1,1285.5,6.37,79.05,75.06
2026-06-19T02:00:00Z,4202.6,65.08,1675.1,1279.5,6.35,79.54,75.65
2026-06-19T03:00:00Z,4193.9,64.66,1669.0,1273.5,6.33,79.52,75.61
2026-06-19T04:00:00Z,4167.5,64.09,1659.1,1266.0,6.3,79.17,75.26
2026-06-21T23:00:00Z,4172.8,64.86,1666.9,1265.0,6.35,80.59,77.46
2026-06-22T00:00:00Z,4157.0,64.49,1668.2,1264.5,6.33,81.6,77.68
2026-06-22T01:00:00Z,4218.1,66.39,1686.1,1278.0,6.36,80.8,77.0
2026-06-22T02:00:00Z,4208.1,65.97,1672.2,1276.5,6.35,79.48,75.76
2026-06-22T03:00:00Z,4205.7,65.77,1663.0,1269.0,6.3,79.07,75.33
2026-06-22T04:00:00Z,4189.6,65.6,1661.7,1269.5,6.31,79.4,75.69
2026-06-22T05:00:00Z,4199.4,65.61,1665.0,1264.5,6.32,79.13,75.41
2026-06-22T06:00:00Z,4211.3,66.45,1674.6,1279.5,6.34,79.01,75.3
2026-06-22T07:00:00Z,4215.4,66.66,1688.2,1291.0,6.35,79.1,75.33
2026-06-22T08:00:00Z,4208.5,66.28,1673.3,1276.0,6.34,79.56,75.64
2026-06-22T09:00:00Z,4215.7,66.29,1680.4,1278.0,6.36,79.14,75.23
2026-06-22T10:00:00Z,4226.2,66.47,1679.9,1264.5,6.38,79.31,75.35
2026-06-22T11:00:00Z,4222.7,66.47,1684.2,1277.0,6.38,79.25,75.34
2026-06-22T12:00:00Z,4225.3,66.56,1685.9,1277.0,6.38,78.96,75.01
2026-06-22T13:00:00Z,4211.4,66.32,1681.6,1268.5,6.38,78.56,74.52
2026-06-22T14:00:00Z,4218.5,66.61,1697.0,1279.0,6.39,77.87,73.76
2026-06-22T15:00:00Z,4216.7,66.14,1680.4,1272.5,6.38,78.06,74.02
2026-06-22T16:00:00Z,4201.0,65.55,1671.0,1265.5,6.36,77.47,73.41
2026-06-22T17:00:00Z,4208.5,65.71,1671.8,1270.5,6.37,77.74,73.58
2026-06-22T18:00:00Z,4201.4,65.34,1668.0,1263.0,6.36,77.41,73.33
2026-06-22T19:00:00Z,4209.1,65.53,1675.9,1265.0,6.36,78.04,74.01
2026-06-22T20:00:00Z,4209.4,65.26,1676.2,1269.5,6.36,78.27,74.27
2026-06-22T21:00:00Z,4172.9,64.91,1668.2,1264.5,6.34,80.59,76.54
2026-06-22T23:00:00Z,4207.8,65.12,1678.8,1271.5,6.35,78.25,74.33
2026-06-23T00:00:00Z,4205.5,65.01,1673.9,1269.0,6.35,78.17,74.16
2026-06-23T01:00:00Z,4210.7,65.02,1672.0,1272.5,6.36,78.16,74.2
2026-06-23T02:00:00Z,4179.3,64.17,1648.4,1259.0,6.33,77.87,73.92
2026-06-23T03:00:00Z,4164.9,63.35,1636.1,1249.0,6.31,77.87,73.92
2026-06-23T04:00:00Z,4162.2,63.24,1642.5,1249.5,6.28,77.53,73.64
2026-06-23T05:00:00Z,4135.6,62.6,1633.3,1240.5,6.26,77.54,73.75
2026-06-23T06:00:00Z,4138.9,62.6,1635.0,1239.5,6.24,76.95,73.1
2026-06-23T07:00:00Z,4132.4,62.26,1627.8,1228.0,6.22,76.84,72.92
2026-06-23T08:00:00Z,4116.0,61.94,1627.2,1233.5,6.18,77.03,73.17
2026-06-23T09:00:00Z,4122.6,62.12,1622.4,1232.0,6.17,77.41,73.45
2026-06-23T10:00:00Z,4140.1,62.56,1639.8,1253.0,6.18,77.53,73.51
2026-06-23T11:00:00Z,4137.7,62.29,1632.2,1241.5,6.17,77.9,73.9
2026-06-23T12:00:00Z,4141.1,62.13,1632.6,1241.0,6.17,77.76,73.86
2026-06-23T13:00:00Z,4131.0,61.97,1637.0,1237.5,6.18,77.2,73.61
2026-06-23T14:00:00Z,4154.1,62.44,1655.7,1240.5,6.17,76.67,72.98
2026-06-23T15:00:00Z,4147.5,62.09,1661.7,1234.0,6.15,76.81,73.17
2026-06-23T16:00:00Z,4156.7,62.33,1668.5,1244.0,6.15,76.9,73.0
2026-06-23T17:00:00Z,4151.9,62.1,1660.0,1244.0,6.15,76.83,72.97
2026-06-23T18:00:00Z,4145.9,61.85,1657.9,1238.5,6.15,76.87,73.04
2026-06-23T19:00:00Z,4135.6,61.51,1652.8,1236.0,6.12,77.24,73.36
2026-06-23T20:00:00Z,4129.6,61.64,1652.5,1237.5,6.12,77.05,73.32
2026-06-23T21:00:00Z,4129.0,61.63,1652.9,1238.5,6.12,76.88,73.05
2026-06-23T23:00:00Z,4121.2,61.51,1652.2,1238.0,6.13,76.78,72.95
2026-06-24T00:00:00Z,4116.6,61.68,1649.5,1238.0,6.13,76.54,72.69
2026-06-24T01:00:00Z,4114.7,61.54,1644.1,1236.5,6.14,76.74,72.82
2026-06-24T02:00:00Z,4106.5,61.77,1647.1,1236.5,6.14,76.48,72.67
2026-06-24T03:00:00Z,4078.3,61.2,1632.6,1234.0,6.1,76.06,72.17
2026-06-24T04:00:00Z,4079.9,61.4,1636.3,1233.0,6.11,76.33,72.42
2026-06-24T05:00:00Z,4080.6,61.18,1633.2,1231.5,6.11,76.47,72.66
2026-06-24T06:00:00Z,4093.1,61.7,1644.6,1240.5,6.14,76.33,72.5
2026-06-24T07:00:00Z,4103.9,61.92,1645.1,1229.5,6.14,76.38,72.61
2026-06-24T08:00:00Z,4091.5,61.56,1635.9,1226.0,6.13,75.77,71.96
2026-06-24T09:00:00Z,4093.3,61.31,1631.2,1222.0,6.13,75.79,72.04
2026-06-24T10:00:00Z,4081.8,61.12,1630.5,1218.5,6.1,75.79,71.99
2026-06-24T11:00:00Z,4072.3,60.67,1615.5,1207.0,6.07,75.59,71.82
2026-06-24T12:00:00Z,4063.2,59.51,1607.5,1199.5,6.06,74.66,70.94
2026-06-24T13:00:00Z,4004.0,58.22,1579.6,1182.5,6.05,74.57,71.03
2026-06-24T14:00:00Z,4054.9,59.58,1594.1,1192.0,6.01,73.37,69.77
2026-06-24T15:00:00Z,4025.0,58.98,1578.9,1175.0,5.98,73.47,69.87
2026-06-24T16:00:00Z,4019.5,58.76,1582.0,1176.5,5.98,74.04,70.49
2026-06-24T17:00:00Z,4023.4,58.64,1580.7,1174.0,5.95,74.09,70.52
2026-06-24T18:00:00Z,3989.8,56.62,1560.2,1158.5,5.94,73.96,70.48
2026-06-24T19:00:00Z,3998.1,56.79,1567.6,1163.0,5.93,73.19,69.95
2026-06-24T20:00:00Z,4004.9,57.31,1572.1,1170.0,5.96,73.33,70.04
2026-06-24T21:00:00Z,4016.4,57.49,1582.6,1177.0,5.99,73.18,69.87
2026-06-24T23:00:00Z,4012.0,57.56,1582.4,1181.0,5.97,73.11,69.88
2026-06-25T00:00:00Z,4026.6,57.73,1585.9,1182.0,5.98,73.22,70.0
2026-06-25T01:00:00Z,4007.3,57.32,1574.3,1176.5,5.99,73.34,69.98
2026-06-25T02:00:00Z,3992.2,56.92,1561.7,1181.0,5.96,72.49,69.34
2026-06-25T03:00:00Z,3998.7,57.01,1567.1,1179.0,5.98,72.62,69.37
2026-06-25T04:00:00Z,4012.4,57.52,1572.4,1180.5,6.01,72.51,69.33
2026-06-25T05:00:00Z,4011.8,57.63,1570.2,1181.5,6.01,72.71,69.49
2026-06-25T06:00:00Z,4001.6,57.19,1560.0,1176.0,5.98,72.46,69.38
2026-06-25T07:00:00Z,3992.7,56.83,1551.1,1162.5,5.98,72.63,69.59
2026-06-25T08:00:00Z,4003.5,57.33,1584.1,1179.0,6.06,73.37,69.97
2026-06-25T09:00:00Z,4004.9,57.47,1588.6,1183.0,6.09,72.71,69.21
2026-06-25T10:00:00Z,4003.4,57.5,1589.7,1189.5,6.1,72.97,69.58
2026-06-25T11:00:00Z,3999.5,57.34,1588.8,1184.0,6.09,72.94,69.42
2026-06-25T12:00:00Z,3995.3,57.17,1597.6,1190.5,6.09,73.42,69.81
2026-06-25T13:00:00Z,4028.2,58.21,1607.0,1194.5,6.14,73.18,69.55
2026-06-25T14:00:00Z,4017.5,57.04,1592.8,1177.0,6.08,74.0,70.46
2026-06-25T15:00:00Z,4027.6,57.95,1615.6,1188.0,6.12,74.27,70.81
2026-06-25T16:00:00Z,4057.5,58.81,1627.0,1197.0,6.14,74.96,71.43
2026-06-25T17:00:00Z,4044.0,58.33,1620.8,1194.0,6.14,75.03,71.55
2026-06-25T18:00:00Z,4050.2,58.33,1620.1,1194.5,6.14,75.24,71.78
2026-06-25T19:00:00Z,4050.4,58.22,1619.4,1193.0,6.15,75.73,72.13
2026-06-25T20:00:00Z,4041.6,57.92,1612.0,1191.0,6.13,75.6,72.03
2026-06-25T21:00:00Z,4041.6,57.89,1613.2,1189.0,6.13,75.0,71.47
2026-06-25T23:00:00Z,4041.4,57.84,1609.2,1188.0,6.12,75.06,71.5
2026-06-26T00:00:00Z,4030.2,57.65,1607.9,1187.5,6.12,75.17,71.52
2026-06-26T01:00:00Z,4035.1,57.65,1608.6,1188.5,6.1,75.39,71.8
2026-06-26T02:00:00Z,4035.9,57.14,1598.3,1183.0,6.08,74.83,71.24
2026-06-26T03:00:00Z,4006.0,55.99,1580.0,1170.0,6.05,74.38,70.82
2026-06-26T04:00:00Z,4018.6,56.63,1586.4,1178.0,6.04,74.22,70.59
2026-06-26T05:00:00Z,4026.8,56.48,1587.1,1180.0,6.03,74.08,70.41
2026-06-26T06:00:00Z,4023.2,56.6,1589.9,1180.0,6.05,74.55,70.88
2026-06-26T07:00:00Z,4047.2,58.29,1623.6,1202.5,6.09,74.16,70.49
2026-06-26T08:00:00Z,4046.4,58.29,1617.7,1203.0,6.09,73.46,69.87
2026-06-26T09:00:00Z,4046.1,58.13,1620.7,1211.5,6.11,72.86,69.29
2026-06-26T10:00:00Z,4062.8,58.64,1626.2,1204.0,6.13,72.65,69.08
2026-06-26T11:00:00Z,4069.8,58.9,1631.6,1215.0,6.16,73.05,69.52
2026-06-26T12:00:00Z,4061.0,58.6,1628.1,1211.5,6.18,73.47,70.08
2026-06-26T13:00:00Z,4074.0,59.33,1638.6,1212.5,6.17,72.73,69.38
2026-06-26T14:00:00Z,4088.7,59.36,1636.2,1218.5,6.18,72.81,69.4
2026-06-26T15:00:00Z,4095.7,59.58,1639.6,1216.5,6.21,72.67,69.21
2026-06-26T16:00:00Z,4106.3,59.8,1647.5,1216.5,6.21,72.4,69.09
2026-06-26T17:00:00Z,4099.9,59.74,1647.3,1221.0,6.21,72.65,69.3
2026-06-26T18:00:00Z,4089.6,59.42,1645.8,1216.0,6.19,72.64,69.27
2026-06-26T19:00:00Z,4082.2,59.33,1641.6,1215.5,6.18,72.44,69.12
2026-06-26T20:00:00Z,4086.2,59.36,1639.1,1216.5,6.19,72.8,69.51
2026-06-26T21:00:00Z,4096.3,59.67,1647.3,1220.4,6.21,73.4,69.23
2026-06-26T22:00:00Z,,,,,,72.6,
2026-06-28T23:00:00Z,4080.8,59.21,1632.9,1213.0,6.2,73.25,70.04
2026-06-29T00:00:00Z,4076.7,59.11,1628.0,1211.0,6.19,73.03,69.76
2026-06-29T01:00:00Z,4083.9,59.09,1628.7,1211.0,6.18,73.12,69.85
2026-06-29T02:00:00Z,4075.8,58.74,1622.0,1206.5,6.15,73.19,70.0
2026-06-29T03:00:00Z,4080.8,59.12,1637.7,1223.5,6.19,73.22,69.96
2026-06-29T04:00:00Z,4083.2,59.05,1632.7,1221.5,6.2,73.29,70.06
2026-06-29T05:00:00Z,4065.7,58.62,1613.9,1214.5,6.18,73.21,69.95
2026-06-29T06:00:00Z,4069.0,59.01,1624.0,1222.5,6.23,72.72,69.51
2026-06-29T07:00:00Z,4077.0,59.08,1627.6,1226.0,6.22,73.16,69.95
2026-06-29T08:00:00Z,4076.3,58.76,1619.2,1229.5,6.2,72.73,69.52
2026-06-29T09:00:00Z,4060.9,58.47,1613.6,1234.0,6.18,73.3,70.14
2026-06-29T10:00:00Z,4045.8,58.14,1607.7,1220.5,6.18,73.72,70.61
2026-06-29T11:00:00Z,4051.1,58.29,1609.9,1221.0,6.19,73.04,69.85
2026-06-29T12:00:00Z,4053.3,58.65,1610.5,1224.0,6.2,73.15,69.97
2026-06-29T13:00:00Z,4057.8,58.83,1599.6,1209.5,6.18,73.24,70.03
2026-06-29T14:00:00Z,4046.4,58.61,1591.5,1218.0,6.15,73.29,70.07
2026-06-29T15:00:00Z,4039.5,58.46,1592.4,1222.5,6.15,73.66,70.47
2026-06-29T16:00:00Z,4041.5,58.53,1590.2,1220.0,6.16,73.8,70.59
2026-06-29T17:00:00Z,4038.4,58.58,1585.9,1221.0,6.16,73.97,70.81
2026-06-29T18:00:00Z,4035.3,58.67,1592.1,1224.5,6.17,74.04,70.91
2026-06-29T19:00:00Z,4027.8,58.63,1593.5,1225.5,6.18,73.68,70.46
2026-06-29T20:00:00Z,4030.4,58.69,1592.2,1220.5,6.17,73.75,70.52
2026-06-29T21:00:00Z,4030.5,58.76,1592.9,1226.5,6.17,73.64,70.42
2026-06-29T23:00:00Z,4028.4,58.74,1593.3,1228.5,6.18,73.56,70.28
2026-06-30T00:00:00Z,4029.4,58.92,1599.7,1230.5,6.18,73.51,70.15
2026-06-30T01:00:00Z,4001.3,57.98,1582.1,1218.5,6.16,73.51,70.3
2026-06-30T02:00:00Z,3982.7,57.83,1574.8,1213.0,6.15,73.56,70.3
2026-06-30T03:00:00Z,3975.8,57.76,1572.5,1217.5,6.18,73.89,70.68
2026-06-30T04:00:00Z,3983.8,57.69,1573.7,1218.0,6.18,73.59,70.35
2026-06-30T05:00:00Z,3999.2,58.15,1581.0,1224.0,6.19,73.49,70.22
2026-06-30T06:00:00Z,3991.1,57.71,1576.5,1219.5,6.18,73.33,70.11
2026-06-30T07:00:00Z,4043.5,59.47,1586.4,1241.5,6.26,73.41,70.13
2026-06-30T08:00:00Z,4046.3,59.45,1586.3,1240.5,6.27,73.48,70.28
2026-06-30T09:00:00Z,4029.0,58.94,1589.4,1232.0,6.22,73.69,70.53
2026-06-30T10:00:00Z,4038.0,59.22,1600.0,1240.0,6.25,74.24,71.02
2026-06-30T11:00:00Z,4043.9,59.47,1605.1,1249.0,6.25,73.95,70.7
2026-06-30T12:00:00Z,4047.5,59.5,1604.2,1247.0,6.26,74.42,71.15
2026-06-30T13:00:00Z,4023.9,58.77,1579.3,1219.0,6.26,74.22,70.97
2026-06-30T14:00:00Z,4043.9,59.72,1579.1,1220.5,6.25,74.26,70.9
2026-06-30T15:00:00Z,4052.0,60.33,1574.8,1220.5,6.27,73.94,70.43
2026-06-30T16:00:00Z,4044.2,60.04,1566.2,1207.5,6.26,73.37,69.77
2026-06-30T17:00:00Z,4040.3,59.91,1564.7,1210.5,6.25,73.35,69.8
2026-06-30T18:00:00Z,4045.5,60.1,1566.0,1211.5,6.26,73.16,69.69
2026-06-30T19:00:00Z,4043.6,60.23,1569.5,1218.0,6.26,73.36,69.98
2026-06-30T20:00:00Z,4030.2,59.63,1566.4,1220.0,6.25,73.42,70.09
2026-06-30T21:00:00Z,4021.8,59.04,1559.2,1212.0,6.25,73.37,70.03
2026-06-30T23:00:00Z,4026.4,59.17,1562.2,1215.0,6.25,73.35,69.99
2026-07-01T00:00:00Z,4018.9,58.87,1557.5,1210.0,6.25,73.48,70.12
2026-07-01T01:00:00Z,4010.2,58.93,1557.9,1209.5,6.23,73.51,70.12
2026-07-01T02:00:00Z,3990.8,58.15,1547.4,1201.5,6.17,73.2,69.78
2026-07-01T03:00:00Z,3991.9,58.18,1548.1,1202.0,6.14,73.24,69.81
2026-07-01T04:00:00Z,3992.9,58.25,1550.9,1202.5,6.15,73.24,69.81
2026-07-01T05:00:00Z,3989.2,58.12,1547.0,1203.5,6.14,73.19,69.72
2026-07-01T06:00:00Z,3986.6,57.99,1547.4,1201.5,6.14,73.04,69.61
2026-07-01T07:00:00Z,3985.0,57.87,1546.1,1189.5,6.14,73.09,69.59
2026-07-01T08:00:00Z,3988.7,58.13,1553.6,1189.5,6.15,72.92,69.36
2026-07-01T09:00:00Z,3987.7,58.16,1552.2,1188.5,6.12,71.75,68.35
2026-07-01T10:00:00Z,3997.9,58.48,1559.5,1190.5,6.12,72.18,68.79
2026-07-01T11:00:00Z,4011.9,58.71,1557.5,1187.0,6.13,72.31,68.85
2026-07-01T12:00:00Z,4044.0,59.4,1571.1,1194.0,6.15,72.3,69.14
2026-07-01T13:00:00Z,4036.8,59.28,1574.0,1201.5,6.15,71.85,68.76
2026-07-01T14:00:00Z,4104.2,60.78,1613.7,1230.0,6.21,72.16,69.07
2026-07-01T15:00:00Z,4107.9,60.85,1603.6,1223.0,6.19,71.28,68.19
2026-07-01T16:00:00Z,4095.1,60.69,1597.6,1222.5,6.18,71.19,68.16
2026-07-01T17:00:00Z,4085.0,60.57,1597.5,1223.5,6.18,71.31,68.27
2026-07-01T18:00:00Z,4082.2,60.37,1596.0,1224.0,6.17,71.38,68.29
2026-07-01T19:00:00Z,4076.0,60.25,1594.0,1221.0,6.17,71.39,68.29
2026-07-01T20:00:00Z,4052.3,59.78,1586.5,1220.5,6.16,71.15,68.02
2026-07-01T21:00:00Z,4044.6,59.6,1586.6,1218.0,6.16,71.14,68.09
2026-07-01T23:00:00Z,4057.2,59.87,1589.8,1221.5,6.16,71.18,68.02
2026-07-02T00:00:00Z,4047.4,59.6,1586.3,1218.0,6.16,71.1,67.99
2026-07-02T01:00:00Z,4063.5,59.96,1593.4,1224.0,6.16,71.03,67.9
2026-07-02T02:00:00Z,4062.4,60.21,1612.1,1227.0,6.17,70.9,67.8
2026-07-02T03:00:00Z,4069.2,60.51,1622.6,1235.5,6.18,70.77,67.71
2026-07-02T04:00:00Z,4082.3,60.78,1626.1,1233.5,6.18,70.72,67.71
2026-07-02T05:00:00Z,4073.2,60.53,1620.8,1230.0,6.15,70.9,67.9
2026-07-02T06:00:00Z,4078.2,60.28,1619.3,1231.5,6.15,70.88,67.88
2026-07-02T07:00:00Z,4086.2,60.42,1623.2,1227.0,6.14,70.6,67.56
2026-07-02T08:00:00Z,4076.6,59.83,1617.9,1223.0,6.13,70.84,67.95
2026-07-02T09:00:00Z,4089.1,60.58,1630.4,1241.0,6.16,70.85,67.87
2026-07-02T10:00:00Z,4077.6,60.27,1627.9,1248.5,6.14,70.51,67.51
2026-07-02T11:00:00Z,4078.6,60.26,1621.4,1243.5,6.14,70.54,67.45
2026-07-02T12:00:00Z,4077.5,60.26,1620.1,1247.0,6.15,70.3,67.18
2026-07-02T13:00:00Z,4130.5,61.62,1629.0,1263.0,6.18,70.6,67.57
2026-07-02T14:00:00Z,4149.8,62.35,1641.8,1280.0,6.22,70.92,67.77
2026-07-02T15:00:00Z,4141.9,61.86,1635.9,1275.0,6.2,70.86,67.74
2026-07-02T16:00:00Z,4141.4,61.6,1633.7,1273.5,6.18,70.75,67.73
2026-07-02T17:00:00Z,4131.2,61.35,1629.8,1273.0,6.17,71.18,68.13
2026-07-02T18:00:00Z,4119.5,60.96,1622.6,1264.5,6.15,71.52,68.48
2026-07-02T19:00:00Z,4135.9,61.26,1631.7,1273.0,6.17,71.55,68.45
2026-07-02T20:00:00Z,4134.0,61.34,1632.7,1269.5,6.18,71.63,68.47
2026-07-02T21:00:00Z,4135.5,61.44,1631.9,1268.0,6.18,71.54,68.46
2026-07-02T23:00:00Z,4137.1,61.49,1631.0,1269.5,6.18,71.61,68.48
2026-07-03T00:00:00Z,4139.2,61.56,1636.0,1271.0,6.18,71.57,68.4
2026-07-03T01:00:00Z,4160.0,61.92,1652.1,1280.0,6.19,71.55,68.44
2026-07-03T02:00:00Z,4194.9,62.69,1663.8,1288.5,6.25,72.05,68.9
2026-07-03T03:00:00Z,4196.8,62.87,1667.7,1289.0,6.26,72.09,68.89
2026-07-03T04:00:00Z,4188.5,62.72,1665.0,1284.5,6.25,72.21,69.01
2026-07-05T23:00:00Z,4200.1,63.58,1667.4,1283.0,6.24,71.67,68.31
2026-07-06T00:00:00Z,4195.2,63.25,1665.0,1272.5,6.23,71.6,68.25
2026-07-06T01:00:00Z,4191.6,63.17,1664.1,1280.5,6.24,71.59,68.24
2026-07-06T02:00:00Z,4198.1,62.87,1660.4,1279.5,6.24,72.12,68.87
2026-07-06T03:00:00Z,4185.5,62.46,1649.8,1272.5,6.21,71.86,68.58
2026-07-06T04:00:00Z,4177.0,62.3,1643.9,1272.5,6.21,71.71,68.42
2026-07-06T05:00:00Z,4171.5,62.32,1644.0,1272.5,6.21,71.86,68.61
2026-07-06T06:00:00Z,4159.7,62.08,1641.4,1267.5,6.22,72.06,68.85
2026-07-06T07:00:00Z,4161.9,62.15,1643.4,1268.0,6.21,72.06,68.76
2026-07-06T08:00:00Z,4175.7,62.78,1662.7,1292.5,6.25,71.14,67.93
2026-07-06T09:00:00Z,4161.8,62.43,1645.9,1280.5,6.22,71.53,68.2
2026-07-06T10:00:00Z,4155.5,62.41,1645.1,1272.5,6.21,71.66,68.31
2026-07-06T11:00:00Z,4167.4,62.53,1651.7,1284.5,6.23,72.0,68.59
2026-07-06T12:00:00Z,4167.4,62.63,1651.9,1272.5,6.23,72.05,68.65
2026-07-06T13:00:00Z,4151.4,62.04,1623.2,1261.5,6.22,71.78,68.29
2026-07-06T14:00:00Z,4153.0,62.29,1637.8,1276.0,6.21,72.15,68.71
2026-07-06T15:00:00Z,4150.2,62.15,1639.5,1275.5,6.2,72.22,68.76
2026-07-06T16:00:00Z,4159.9,62.24,1641.4,1270.5,6.23,72.15,68.74
2026-07-06T17:00:00Z,4166.9,62.24,1640.5,1271.5,6.23,71.79,68.31
2026-07-06T18:00:00Z,4172.9,62.42,1641.9,1278.0,6.24,71.94,68.53
2026-07-06T19:00:00Z,4175.8,62.62,1643.6,1279.5,6.25,71.98,68.54
2026-07-06T20:00:00Z,4175.5,62.51,1646.2,1279.5,6.26,72.08,68.69
2026-07-06T21:00:00Z,4187.3,62.81,1651.9,1272.5,6.22,72.13,68.78
2026-07-06T23:00:00Z,4175.9,62.46,1643.1,1275.5,6.25,72.12,68.75
2026-07-07T00:00:00Z,4168.7,62.2,1638.4,1270.5,6.24,72.19,68.76
2026-07-07T01:00:00Z,4157.2,61.92,1629.0,1266.5,6.23,72.34,68.88
2026-07-07T02:00:00Z,4153.9,61.95,1644.2,1276.0,6.26,72.49,69.07
2026-07-07T03:00:00Z,4147.9,61.69,1636.5,1268.5,6.23,72.45,69.0
2026-07-07T04:00:00Z,4141.8,61.5,1625.6,1266.0,6.21,72.42,68.93
2026-07-07T05:00:00Z,4137.6,61.27,1624.4,1264.0,6.2,72.49,68.96
2026-07-07T06:00:00Z,4135.2,60.97,1618.3,1253.0,6.21,72.9,69.35
2026-07-07T07:00:00Z,4141.7,61.56,1628.2,1252.5,6.22,72.98,69.44
2026-07-07T08:00:00Z,4135.8,61.24,1633.2,1266.0,6.21,72.85,69.34
2026-07-07T09:00:00Z,4137.1,61.36,1640.6,1267.5,6.23,72.88,69.36
2026-07-07T10:00:00Z,4142.4,61.33,1646.0,1280.0,6.24,72.87,69.27
2026-07-07T11:00:00Z,4147.1,61.23,1649.7,1283.5,6.24,72.98,69.39
2026-07-07T12:00:00Z,4168.6,61.81,1665.5,1281.0,6.23,72.61,69.03
2026-07-07T13:00:00Z,4184.1,62.08,1662.3,1284.5,6.23,72.6,69.14
2026-07-07T14:00:00Z,4170.0,61.76,1653.8,1276.0,6.24,73.56,70.03
2026-07-07T15:00:00Z,4165.0,61.35,1653.4,1272.5,6.24,73.77,70.23
2026-07-07T16:00:00Z,4150.1,61.06,1655.1,1274.5,6.21,73.95,70.34
2026-07-07T17:00:00Z,4156.6,61.35,1663.7,1283.0,6.23,74.12,70.44
2026-07-07T18:00:00Z,4155.9,61.44,1664.4,1282.5,6.21,74.14,70.42
2026-07-07T19:00:00Z,4138.0,60.86,1655.1,1273.5,6.19,75.06,71.45
2026-07-07T20:00:00Z,4125.1,60.69,1649.0,1271.5,6.19,75.67,71.88
2026-07-07T21:00:00Z,4116.6,60.4,1649.0,1268.0,6.18,75.86,72.2
2026-07-07T23:00:00Z,4109.5,60.19,1644.6,1266.0,6.17,76.24,72.45
2026-07-08T00:00:00Z,4108.8,60.1,1637.7,1260.5,6.16,76.19,72.42
2026-07-08T01:00:00Z,4122.5,60.53,1645.4,1263.0,6.18,75.74,71.99
2026-07-08T02:00:00Z,4122.3,60.42,1642.2,1266.5,6.19,75.84,72.13
2026-07-08T03:00:00Z,4125.0,60.4,1640.4,1267.0,6.19,76.04,72.26
2026-07-08T04:00:00Z,4133.7,60.77,1647.0,1270.0,6.21,76.04,72.26
2026-07-08T05:00:00Z,4135.9,60.76,1645.9,1272.5,6.21,76.17,72.36
2026-07-08T06:00:00Z,4138.5,61.27,1649.9,1273.5,6.21,76.62,72.77
2026-07-08T07:00:00Z,4134.0,61.1,1642.7,1272.5,6.18,76.44,72.57
2026-07-08T08:00:00Z,4132.0,61.04,1636.0,1258.0,6.17,75.97,72.06
2026-07-08T09:00:00Z,4066.8,58.81,1595.8,1224.0,6.1,78.71,74.85
2026-07-08T10:00:00Z,4053.1,58.69,1578.0,1212.5,6.09,78.76,74.9
2026-07-08T11:00:00Z,4062.9,58.8,1579.4,1210.5,6.08,78.17,74.15
2026-07-08T12:00:00Z,4072.3,59.13,1584.0,1216.0,6.08,78.12,74.08
2026-07-08T13:00:00Z,4082.9,58.96,1587.8,1218.5,6.09,77.92,73.84
2026-07-08T14:00:00Z,4081.6,58.81,1596.8,1229.0,6.1,77.97,73.75
2026-07-08T15:00:00Z,4051.8,58.21,1583.3,1219.5,6.09,79.61,75.3
2026-07-08T16:00:00Z,4044.1,57.79,1577.4,1213.5,6.08,80.3,75.84
2026-07-08T17:00:00Z,4073.9,58.31,1587.5,1224.0,6.11,78.91,74.57
2026-07-08T18:00:00Z,4076.4,58.54,1587.1,1222.0,6.12,78.31,73.78
2026-07-08T19:00:00Z,4094.1,58.94,1595.7,1228.5,6.13,78.08,73.59
2026-07-08T20:00:00Z,4090.2,58.81,1594.2,1224.5,6.13,78.59,74.07
2026-07-08T21:00:00Z,4086.6,58.69,1590.5,1219.5,6.12,79.25,74.76
2026-07-08T23:00:00Z,4085.7,58.79,1595.8,1224.0,6.12,78.98,74.53
2026-07-09T00:00:00Z,4085.6,58.79,1599.6,1224.5,6.13,78.79,74.46
2026-07-09T01:00:00Z,4082.8,58.68,1597.0,1228.5,6.13,78.55,74.02
2026-07-09T02:00:00Z,4081.8,58.56,1605.2,1226.0,6.13,78.68,74.12
2026-07-09T03:00:00Z,4073.8,58.28,1597.5,1225.0,6.11,79.06,74.51
2026-07-09T04:00:00Z,4072.1,58.24,1601.0,1226.5,6.12,78.87,74.28
2026-07-09T05:00:00Z,4073.7,58.37,1604.9,1226.0,6.12,78.92,74.35
2026-07-09T06:00:00Z,4091.4,58.82,1611.0,1233.5,6.16,77.59,73.06
2026-07-09T07:00:00Z,4117.7,59.41,1621.0,1240.0,6.2,77.8,73.31
2026-07-09T08:00:00Z,4117.9,59.61,1620.8,1245.5,6.21,77.1,72.76
2026-07-09T09:00:00Z,4117.9,59.58,1628.2,1247.0,6.22,77.44,73.02
2026-07-09T10:00:00Z,4115.7,59.57,1628.3,1248.0,6.23,78.08,73.51
2026-07-09T11:00:00Z,4108.0,59.22,1618.2,1243.0,6.21,78.87,74.25
2026-07-09T12:00:00Z,4118.7,59.42,1624.5,1252.0,6.24,78.59,73.96
2026-07-09T13:00:00Z,4117.7,59.72,1624.5,1257.0,6.24,78.68,73.93
2026-07-09T14:00:00Z,4131.7,60.67,1630.5,1258.5,6.27,77.4,72.66
2026-07-09T15:00:00Z,4137.3,60.69,1641.3,1261.0,6.27,76.93,72.31
2026-07-09T16:00:00Z,4136.4,60.76,1636.6,1257.0,6.27,76.58,72.12
2026-07-09T17:00:00Z,4137.7,60.81,1630.1,1253.0,6.26,76.15,71.94
2026-07-09T18:00:00Z,4146.1,60.83,1629.7,1257.5,6.27,75.68,71.53
2026-07-09T19:00:00Z,4134.5,60.45,1622.5,1252.5,6.26,75.85,71.61
2026-07-09T20:00:00Z,4132.4,60.33,1621.0,1251.0,6.25,76.09,71.88
2026-07-09T21:00:00Z,4132.6,60.35,1622.0,1251.0,6.25,76.04,71.81
2026-07-09T23:00:00Z,4130.7,60.33,1624.0,1253.5,6.24,75.98,71.83
2026-07-10T00:00:00Z,4132.6,60.41,1624.1,1254.0,6.25,76.16,71.92
2026-07-10T01:00:00Z,4135.8,60.6,1629.7,1258.0,6.26,76.15,71.97
2026-07-10T02:00:00Z,4127.1,60.54,1634.8,1261.0,6.29,76.37,72.14
2026-07-10T03:00:00Z,4137.6,60.85,1645.8,1270.0,6.3,76.55,72.36
2026-07-10T04:00:00Z,4129.5,60.78,1644.2,1270.5,6.32,76.59,72.39
2026-07-10T05:00:00Z,4123.9,60.72,1642.3,1268.0,6.31,76.49,72.29
2026-07-10T06:00:00Z,4125.5,60.61,1644.0,1273.0,6.29,76.33,72.16
2026-07-10T07:00:00Z,4120.6,60.47,1641.4,1271.5,6.27,76.22,72.04
2026-07-10T08:00:00Z,4117.9,60.32,1634.2,1273.0,6.29,75.78,71.57
2026-07-10T09:00:00Z,4106.5,59.92,1624.4,1269.0,6.26,76.13,71.89
2026-07-10T10:00:00Z,4113.7,59.9,1625.8,1270.0,6.26,76.08,71.85
2026-07-10T11:00:00Z,4113.5,59.69,1627.8,1271.0,6.26,76.53,72.24
2026-07-10T12:00:00Z,4111.0,59.81,1629.2,1275.5,6.26,77.04,72.73
2026-07-10T13:00:00Z,4109.3,60.01,1626.4,1273.0,6.26,76.37,71.95
2026-07-10T14:00:00Z,4108.7,60.11,1631.1,1279.5,6.28,75.97,71.59
2026-07-10T15:00:00Z,4101.7,59.83,1626.4,1281.0,6.27,76.42,71.93
2026-07-10T16:00:00Z,4122.1,60.38,1634.0,1281.5,6.29,75.52,71.01
2026-07-10T17:00:00Z,4113.6,60.14,1632.3,1275.5,6.28,75.55,71.09
2026-07-10T18:00:00Z,4109.6,59.96,1628.4,1278.5,6.28,75.87,71.29
2026-07-10T19:00:00Z,4109.7,59.99,1628.9,1277.5,6.28,76.1,71.59
2026-07-10T20:00:00Z,4116.6,60.12,1636.2,1277.5,6.28,76.03,71.57
2026-07-10T21:00:00Z,4113.7,60.17,1629.0,1276.3,6.28,76.01,71.41
2026-07-12T23:00:00Z,4084.3,59.17,1615.4,1262.0,6.26,78.46,73.69
2026-07-13T00:00:00Z,4092.9,59.33,1618.2,1265.5,6.26,78.48,73.77
2026-07-13T01:00:00Z,4082.1,59.19,1617.3,1264.0,6.24,78.9,74.27
2026-07-13T02:00:00Z,4080.2,58.92,1623.2,1259.0,6.23,79.1,74.39
2026-07-13T03:00:00Z,4076.8,58.79,1615.0,1255.0,6.22,78.9,74.25
2026-07-13T04:00:00Z,4067.4,58.56,1604.3,1251.0,6.21,79.09,74.29
2026-07-13T05:00:00Z,4066.3,58.62,1608.7,1253.0,6.21,79.25,74.53
2026-07-13T06:00:00Z,4061.8,58.38,1607.8,1250.5,6.21,79.49,74.7
2026-07-13T07:00:00Z,4063.0,58.33,1617.5,1258.0,6.22,78.81,74.06
2026-07-13T08:00:00Z,4072.8,58.87,1626.2,1265.0,6.24,78.83,74.0
2026-07-13T09:00:00Z,4083.1,59.24,1634.1,1271.0,6.27,77.84,73.06
2026-07-13T10:00:00Z,4076.3,58.83,1635.6,1270.5,6.26,77.8,73.12
2026-07-13T11:00:00Z,4068.4,58.79,1629.0,1266.5,6.27,78.49,73.81
2026-07-13T12:00:00Z,4064.0,58.92,1630.8,1263.0,6.32,78.56,73.8
2026-07-13T13:00:00Z,4075.2,59.06,1639.2,1272.0,6.31,78.64,73.78
2026-07-13T14:00:00Z,4050.9,58.56,1628.5,1269.0,6.34,78.54,73.73
2026-07-13T15:00:00Z,4022.4,58.48,1626.0,1264.0,6.34,79.34,74.5
2026-07-13T16:00:00Z,4023.3,58.35,1626.1,1261.0,6.3,79.73,74.85
2026-07-13T17:00:00Z,4000.3,57.94,1614.5,1254.0,6.28,80.56,75.74
2026-07-13T18:00:00Z,4000.6,57.65,1604.9,1249.0,6.27,82.56,77.6
2026-07-13T19:00:00Z,4008.5,57.93,1613.0,1253.0,6.28,82.73,77.64
2026-07-13T20:00:00Z,4009.3,58.02,1612.0,1254.5,6.28,82.94,77.66
2026-07-13T21:00:00Z,4008.7,57.98,1612.1,1252.0,6.28,83.18,78.0
2026-07-13T23:00:00Z,4007.4,57.92,1612.2,1255.0,6.28,84.14,79.04
2026-07-14T00:00:00Z,4007.9,57.92,1610.6,1254.5,6.28,84.18,78.95
2026-07-14T01:00:00Z,4011.6,57.8,1607.8,1253.5,6.3,85.04,79.86
2026-07-14T02:00:00Z,4017.0,57.74,1605.8,1253.0,6.3,84.38,79.52
2026-07-14T03:00:00Z,4019.2,57.9,1609.3,1256.0,6.31,84.52,79.53
2026-07-14T04:00:00Z,4022.6,57.98,1612.4,1260.0,6.33,84.71,79.63
2026-07-14T05:00:00Z,4026.7,58.15,1615.6,1265.5,6.36,84.84,79.78
2026-07-14T06:00:00Z,4037.8,58.58,1622.4,1272.0,6.38,84.47,79.35
2026-07-14T07:00:00Z,4030.4,58.49,1618.6,1275.0,6.37,85.58,80.44
2026-07-14T08:00:00Z,4027.3,58.31,1614.7,1273.0,6.37,85.89,80.38
2026-07-14T09:00:00Z,4022.6,58.29,1615.2,1267.5,6.37,87.21,81.03
2026-07-14T10:00:00Z,4028.7,58.42,1617.9,1269.0,6.39,86.72,80.58
2026-07-14T11:00:00Z,4028.2,58.17,1609.1,1257.0,6.39,87.24,80.92
2026-07-14T12:00:00Z,4038.1,58.39,1615.9,1259.5,6.38,86.02,79.54
2026-07-14T13:00:00Z,4083.9,59.35,1633.6,1274.0,6.39,86.92,80.71
2026-07-14T14:00:00Z,4084.0,59.45,1652.1,1297.5,6.42,85.64,79.93
2026-07-14T15:00:00Z,4093.0,59.65,1666.9,1317.5,6.43,84.52,78.84
2026-07-14T16:00:00Z,4073.1,59.16,1644.5,1305.0,6.38,85.3,79.48
2026-07-14T17:00:00Z,4068.3,59.09,1642.9,1307.5,6.38,84.82,79.2
2026-07-14T18:00:00Z,4070.1,59.15,1642.0,1306.0,6.37,84.33,78.73
2026-07-14T19:00:00Z,4060.7,58.97,1640.5,1304.5,6.37,85.19,79.63
2026-07-14T20:00:00Z,4062.1,59.15,1642.0,1308.0,6.37,85.24,79.7
2026-07-14T21:00:00Z,4058.3,59.04,1639.9,1306.0,6.37,85.34,79.83
2026-07-14T23:00:00Z,4055.1,59.0,1639.2,1304.5,6.36,85.44,79.9
2026-07-15T00:00:00Z,4058.8,59.11,1643.6,1307.5,6.37,85.28,79.87
2026-07-15T01:00:00Z,4065.1,59.27,1649.6,1314.5,6.37,85.93,80.2
2026-07-15T02:00:00Z,4042.9,58.75,1643.5,1307.5,6.38,85.86,80.21
2026-07-15T03:00:00Z,4041.7,58.87,1649.4,1312.5,6.38,86.01,80.3
2026-07-15T04:00:00Z,4037.9,58.74,1643.1,1305.5,6.38,85.7,79.93
2026-07-15T05:00:00Z,4039.1,58.78,1644.8,1306.0,6.38,85.43,79.78
2026-07-15T06:00:00Z,4041.0,58.88,1650.9,1314.5,6.38,85.26,79.73
2026-07-15T07:00:00Z,4038.0,58.66,1647.3,1315.0,6.35,85.62,79.98
2026-07-15T08:00:00Z,4030.7,58.48,1638.7,1313.0,6.36,86.1,80.52
2026-07-15T09:00:00Z,4037.7,58.69,1648.8,1319.5,6.39,84.69,79.4
2026-07-15T10:00:00Z,4036.3,58.6,1643.2,1304.0,6.38,85.49,80.13
2026-07-15T11:00:00Z,4034.3,58.31,1634.7,1296.5,6.36,85.38,79.87
2026-07-15T12:00:00Z,4044.5,58.49,1631.4,1302.0,6.38,84.98,79.56
2026-07-15T13:00:00Z,4074.6,58.98,1654.4,1312.0,6.4,84.99,79.78
2026-07-15T14:00:00Z,4068.5,58.66,1656.8,1314.0,6.41,84.83,79.78
2026-07-15T15:00:00Z,4067.2,58.43,1655.1,1309.0,6.38,83.58,78.64
2026-07-15T16:00:00Z,4053.2,57.96,1644.3,1297.0,6.37,84.23,78.87
2026-07-15T17:00:00Z,4040.3,57.2,1638.6,1292.0,6.34,84.83,79.48
2026-07-15T18:00:00Z,4068.7,57.98,1668.3,1306.0,6.38,84.4,78.98
2026-07-15T19:00:00Z,4066.3,58.22,1687.7,1317.0,6.38,85.09,79.74
2026-07-15T20:00:00Z,4064.0,58.08,1689.8,1321.0,6.39,85.81,80.32
2026-07-15T21:00:00Z,4066.9,58.1,1689.5,1322.0,6.38,85.63,80.24
2026-07-15T23:00:00Z,4065.6,58.08,1687.6,1318.5,6.38,85.59,80.29
2026-07-16T00:00:00Z,4063.6,58.1,1684.7,1321.0,6.38,85.4,80.22
2026-07-16T01:00:00Z,4050.4,57.78,1675.0,1313.5,6.37,85.38,80.14
2026-07-16T02:00:00Z,4044.2,57.41,1673.7,1313.5,6.36,85.28,80.05
2026-07-16T03:00:00Z,4036.9,57.44,1673.9,1312.0,6.39,85.23,80.04
2026-07-16T04:00:00Z,4040.7,57.52,1678.6,1316.5,6.41,84.75,79.56
2026-07-16T05:00:00Z,4038.3,57.39,1677.8,1313.0,6.42,84.56,79.37
2026-07-16T06:00:00Z,4032.2,57.46,1673.0,1310.0,6.4,84.53,79.39
2026-07-16T07:00:00Z,4035.8,57.47,1669.9,1306.0,6.4,84.52,79.41
2026-07-16T08:00:00Z,4036.1,57.17,1662.9,1297.0,6.38,84.55,79.54
2026-07-16T09:00:00Z,4040.3,57.35,1669.1,1299.5,6.39,84.34,79.31
2026-07-16T10:00:00Z,4037.4,57.23,1676.0,1303.5,6.4,84.63,79.55
2026-07-16T11:00:00Z,4035.1,56.83,1669.8,1298.5,6.38,84.76,79.62
2026-07-16T12:00:00Z,4044.1,57.03,1666.5,1287.0,6.39,84.77,79.68
2026-07-16T13:00:00Z,3996.4,56.1,1653.1,1268.0,6.36,85.86,80.5
2026-07-16T14:00:00Z,3994.0,55.99,1655.7,1275.0,6.36,85.5,80.07
2026-07-16T15:00:00Z,4002.0,56.39,1656.9,1278.5,6.35,84.91,79.58
2026-07-16T16:00:00Z,4011.8,56.58,1656.1,1279.5,6.36,84.7,78.8
2026-07-16T17:00:00Z,3996.4,56.33,1647.6,1271.5,6.34,84.44,78.42
2026-07-16T18:00:00Z,3989.5,55.99,1634.7,1265.5,6.31,84.15,78.19
2026-07-16T19:00:00Z,3984.7,55.81,1634.5,1262.5,6.3,84.29,78.39
2026-07-16T20:00:00Z,3984.6,55.99,1632.7,1265.0,6.29,84.31,78.41
2026-07-16T21:00:00Z,3979.9,55.76,1629.2,1253.0,6.28,84.86,78.89
2026-07-16T23:00:00Z,3982.1,55.79,1627.1,1255.5,6.29,84.89,78.94
2026-07-17T00:00:00Z,3989.2,55.83,1627.7,1255.0,6.29,84.95,79.02
2026-07-17T01:00:00Z,3995.9,56.01,1627.5,1258.0,6.3,85.02,79.11
2026-07-17T02:00:00Z,3986.5,55.47,1617.7,1252.5,6.25,85.06,79.17
2026-07-17T03:00:00Z,3982.2,55.15,1608.0,1239.5,6.23,84.92,79.03
2026-07-17T04:00:00Z,3995.7,55.63,1612.3,1247.5,6.23,85.05,79.16
2026-07-17T05:00:00Z,3985.0,55.44,1607.2,1244.5,6.22,85.04,79.19
2026-07-17T06:00:00Z,3988.6,55.69,1602.2,1245.5,6.23,84.28,78.38
2026-07-17T07:00:00Z,4003.1,55.76,1596.5,1233.0,6.23,84.36,78.65
2026-07-17T08:00:00Z,3997.0,55.67,1594.1,1238.0,6.24,84.45,78.77
2026-07-17T09:00:00Z,3998.4,55.71,1592.7,1244.0,6.2,84.99,79.29
2026-07-17T10:00:00Z,4001.8,55.78,1598.4,1260.5,6.22,85.67,79.77
2026-07-17T11:00:00Z,3994.4,55.51,1588.8,1249.0,6.22,85.8,79.98
2026-07-17T12:00:00Z,3997.9,55.64,1584.8,1247.0,6.22,86.02,80.19
2026-07-17T13:00:00Z,3969.5,55.29,1574.8,1237.0,6.21,86.34,80.35
2026-07-17T14:00:00Z,4001.4,56.04,1585.2,1243.0,6.24,86.96,81.14
2026-07-17T15:00:00Z,4005.5,55.95,1594.9,1248.0,6.26,86.3,80.22
2026-07-17T16:00:00Z,4024.1,56.35,1607.3,1253.0,6.28,86.7,80.68
2026-07-17T17:00:00Z,4019.6,56.26,1610.9,1252.5,6.27,87.66,81.47
2026-07-17T18:00:00Z,4014.8,56.19,1610.8,1252.0,6.27,87.99,81.77
2026-07-17T19:00:00Z,4016.1,56.38,1609.6,1254.5,6.27,87.74,81.41
2026-07-17T20:00:00Z,4019.9,56.42,1607.6,1255.0,6.26,87.79,81.44
2026-07-17T21:00:00Z,4018.8,56.33,1612.5,1252.8,6.26,88.1,81.78
2026-07-19T23:00:00Z,3997.9,55.97,1595.7,1248.0,6.26,90.96,84.03
2026-07-20T00:00:00Z,3999.2,56.15,1595.0,1246.0,6.27,90.76,83.84
2026-07-20T01:00:00Z,4013.7,56.84,1607.5,1257.0,6.27,90.35,83.57
2026-07-20T02:00:00Z,4007.0,56.9,1603.1,1242.0,6.28,90.24,83.7
2026-07-20T03:00:00Z,4027.1,57.47,1614.0,1250.0,6.3,90.0,83.36
2026-07-20T04:00:00Z,4027.8,57.29,1606.9,1250.5,6.3,90.27,83.64
2026-07-20T05:00:00Z,4022.8,57.15,1603.3,1250.5,6.29,90.26,83.55
2026-07-20T06:00:00Z,4012.3,56.76,1595.1,1234.0,6.27,90.62,83.81
2026-07-20T07:00:00Z,4008.2,56.69,1595.8,1243.0,6.27,90.8,83.89
2026-07-20T08:00:00Z,4022.0,57.26,1614.6,1265.5,6.32,88.95,82.22
2026-07-20T09:00:00Z,4023.3,57.09,1605.0,1262.5,6.31,88.22,81.57
2026-07-20T10:00:00Z,4025.3,57.23,1608.8,1267.0,6.32,87.96,81.17
2026-07-20T11:00:00Z,4029.0,57.09,1607.7,1265.0,6.31,88.33,81.64
2026-07-20T12:00:00Z,4030.5,57.35,1611.0,1272.0,6.34,86.89,80.28
2026-07-20T13:00:00Z,4012.0,57.01,1592.2,1257.5,6.33,88.53,81.87
2026-07-20T14:00:00Z,4009.5,57.03,1592.7,1265.0,6.35,88.13,81.71
2026-07-20T15:00:00Z,4010.5,57.01,1597.1,1267.0,6.33,88.4,82.0
2026-07-20T16:00:00Z,4016.2,57.21,1604.8,1270.0,6.34,88.15,81.56
2026-07-20T17:00:00Z,4013.9,57.08,1602.5,1268.0,6.34,88.6,81.89
2026-07-20T18:00:00Z,4009.2,57.01,1602.3,1263.0,6.35,89.02,82.16
2026-07-20T19:00:00Z,4012.1,56.84,1601.8,1260.0,6.35,89.43,82.86
2026-07-20T20:00:00Z,4010.7,56.67,1600.1,1257.5,6.35,88.97,82.42
2026-07-20T21:00:00Z,4011.8,56.67,1601.4,1256.5,6.34,88.92,82.42
2026-07-20T23:00:00Z,4004.0,56.44,1594.9,1256.0,6.33,89.11,82.63
2026-07-21T00:00:00Z,4014.4,56.65,1599.4,1257.5,6.34,89.0,82.49
2026-07-21T01:00:00Z,4029.6,57.17,1610.3,1263.5,6.37,88.94,82.5
2026-07-21T02:00:00Z,4027.6,57.2,1596.6,1255.0,6.36,88.75,82.41
2026-07-21T03:00:00Z,4042.7,57.87,1613.0,1264.5,6.39,88.5,82.15
2026-07-21T04:00:00Z,4050.9,58.1,1617.3,1264.5,6.42,88.55,82.19
2026-07-21T05:00:00Z,4054.3,58.17,1619.6,1268.5,6.42,88.52,82.14
2026-07-21T06:00:00Z,4066.0,58.38,1627.8,1280.5,6.43,88.37,82.05
2026-07-21T07:00:00Z,4083.0,59.17,1636.8,1288.0,6.47,88.69,82.32
2026-07-21T08:00:00Z,4075.7,59.43,1643.6,1292.0,6.5,88.33,81.92
2026-07-21T09:00:00Z,4067.4,59.26,1633.5,1283.5,6.52,88.69,82.24
2026-07-21T10:00:00Z,4070.2,59.35,1636.8,1281.5,6.52,89.97,83.26
2026-07-21T11:00:00Z,4067.3,59.21,1635.9,1280.5,6.52,90.13,83.27
2026-07-21T12:00:00Z,4060.6,59.15,1635.9,1279.5,6.53,90.71,83.84
2026-07-21T13:00:00Z,4058.0,59.21,1627.6,1273.0,6.53,90.85,84.12
2026-07-21T14:00:00Z,4057.2,58.72,1622.5,1268.5,6.51,91.17,84.38
2026-07-21T15:00:00Z,4072.9,59.25,1629.0,1273.0,6.53,91.62,84.7
2026-07-21T16:00:00Z,4078.6,59.26,1637.8,1280.0,6.55,91.45,84.51
2026-07-21T17:00:00Z,4075.9,59.15,1638.0,1286.0,6.55,91.22,84.39
2026-07-21T18:00:00Z,4073.0,59.04,1632.1,1285.5,6.53,91.13,84.36
2026-07-21T19:00:00Z,4087.0,59.15,1638.2,1287.5,6.53,91.22,84.51
2026-07-21T20:00:00Z,4088.6,59.03,1640.5,1286.0,6.53,91.47,84.67
2026-07-21T21:00:00Z,4082.2,59.07,1637.0,1282.0,6.53,91.44,84.54
2026-07-21T23:00:00Z,4084.6,59.06,1639.8,1284.0,6.53,91.6,84.71
2026-07-22T00:00:00Z,4085.2,59.16,1641.0,1285.0,6.53,91.78,84.79
2026-07-22T01:00:00Z,4101.6,59.49,1650.0,1292.0,6.54,91.51,84.65
2026-07-22T02:00:00Z,4126.0,60.23,1677.0,1325.0,6.53,92.5,85.61
2026-07-22T03:00:00Z,4134.7,59.9,1670.2,1317.0,6.53,91.9,85.05
2026-07-22T04:00:00Z,4135.5,60.07,1673.7,1321.5,6.52,92.18,85.31
2026-07-22T05:00:00Z,4131.8,59.94,1671.4,1315.0,6.52,92.28,85.43
2026-07-22T06:00:00Z,4135.5,59.96,1674.8,1320.0,6.5,91.91,85.14
2026-07-22T07:00:00Z,4121.0,59.6,1665.6,1307.0,6.5,92.96,86.13
2026-07-22T08:00:00Z,4114.6,59.42,1660.5,1301.0,6.5,94.47,87.71
2026-07-22T09:00:00Z,4122.3,59.81,1657.4,1301.0,6.53,94.32,87.62
2026-07-22T10:00:00Z,4118.8,59.69,1660.8,1309.5,6.51,84.39,88.44
2026-07-22T11:00:00Z,4121.2,59.64,1656.8,1310.5,6.51,84.46,87.18
2026-07-22T12:00:00Z,4127.4,59.67,1659.2,1316.0,6.51,85.14,87.35
2026-07-22T13:00:00Z,4117.0,59.35,1649.4,1308.5,6.5,94.43,87.22
2026-07-22T14:00:00Z,4160.0,60.82,1668.8,1318.5,6.52,93.93,86.96
2026-07-22T15:00:00Z,4153.4,60.57,1656.4,1310.0,6.5,93.9,86.7
2026-07-22T16:00:00Z,4164.1,60.6,1661.6,1318.0,6.5,93.12,86.02
2026-07-22T17:00:00Z,4152.8,60.38,1654.3,1309.5,6.49,93.41,86.31
2026-07-22T18:00:00Z,4148.1,60.29,1649.4,1301.0,6.48,94.05,86.81
2026-07-22T19:00:00Z,4141.8,60.24,1648.7,1299.0,6.48,94.31,87.06
2026-07-22T20:00:00Z,4136.4,59.96,1646.6,1297.5,6.48,93.82,86.51
2026-07-22T21:00:00Z,4135.0,60.03,1649.8,1296.5,6.49,93.88,86.48
2026-07-22T23:00:00Z,4124.7,59.68,1639.7,1289.5,6.48,95.49,87.95
2026-07-23T00:00:00Z,4135.8,60.03,1646.9,1294.5,6.48,95.46,87.81
2026-07-23T01:00:00Z,4135.3,60.17,1657.5,1300.5,6.49,95.56,87.98
2026-07-23T02:00:00Z,4120.5,59.83,1658.6,1301.0,6.5,95.86,88.11
2026-07-23T03:00:00Z,4130.8,60.15,1663.4,1307.0,6.52,96.02,88.24
2026-07-23T04:00:00Z,4127.6,60.04,1662.8,1305.0,6.53,96.29,88.49
2026-07-23T05:00:00Z,4123.8,59.94,1661.0,1302.5,6.52,96.02,88.13
2026-07-23T06:00:00Z,4126.9,59.92,1659.1,1301.0,6.51,96.31,88.3
2026-07-23T07:00:00Z,4121.6,59.72,1648.8,1292.0,6.51,96.76,88.64
2026-07-23T08:00:00Z,4098.3,59.22,1636.9,1273.5,6.46,86.17,89.3
2026-07-23T09:00:00Z,4096.0,59.15,1637.7,1274.5,6.46,86.3,89.5
2026-07-23T10:00:00Z,4093.2,59.02,1631.7,1274.5,6.45,92.83,90.22
2026-07-23T11:00:00Z,4096.7,59.04,1630.9,1274.0,6.47,92.66,90.13
2026-07-23T12:00:00Z,4088.9,58.81,1628.6,1271.0,6.47,92.98,90.69
2026-07-23T13:00:00Z,4064.6,57.93,1612.0,1261.5,6.42,86.83,90.84
2026-07-23T14:00:00Z,4045.8,57.88,1609.7,1259.5,6.38,86.92,91.73
2026-07-23T15:00:00Z,4061.1,58.06,1607.0,1259.0,6.37,86.95,91.9
2026-07-23T16:00:00Z,4051.2,57.88,1603.9,1263.0,6.34,100.13,91.85
2026-07-23T17:00:00Z,4054.3,58.1,1608.2,1263.0,6.34,100.66,92.33
2026-07-23T18:00:00Z,4043.9,57.78,1601.9,1257.0,6.33,101.83,93.23
2026-07-23T19:00:00Z,4048.8,57.85,1602.0,1257.5,6.32,100.6,92.03
2026-07-23T20:00:00Z,4052.1,57.85,1602.7,1257.5,6.32,99.84,91.61
2026-07-23T21:00:00Z,4052.3,57.9,1603.7,1256.0,6.34,100.55,92.36
2026-07-23T23:00:00Z,4052.0,57.92,1605.1,1258.5,6.33,100.43,92.09
2026-07-24T00:00:00Z,4049.4,57.82,1604.6,1256.5,6.33,100.56,92.29
2026-07-24T01:00:00Z,4052.4,58.1,1609.2,1258.0,6.33,100.4,91.9
2026-07-24T02:00:00Z,4046.0,57.92,1592.4,1246.5,6.32,100.12,91.65
2026-07-24T03:00:00Z,4026.7,57.46,1585.8,1238.0,6.31,100.61,91.92
2026-07-24T04:00:00Z,4031.1,57.55,1592.0,1240.5,6.32,100.72,91.95
2026-07-24T05:00:00Z,4029.8,57.58,1589.9,1239.5,6.32,100.31,91.65
2026-07-24T06:00:00Z,4025.0,57.6,1587.9,1236.0,6.32,100.26,91.5
2026-07-24T07:00:00Z,4038.4,57.99,1597.4,1240.0,6.34,98.98,90.56
2026-07-24T08:00:00Z,4051.1,58.47,1601.8,1244.0,6.35,92.46,90.45
2026-07-24T09:00:00Z,4060.0,58.6,1610.0,1248.5,6.34,91.69,89.6
2026-07-24T10:00:00Z,4062.6,58.72,1614.8,1260.5,6.36,91.44,89.01
2026-07-24T11:00:00Z,4062.2,58.67,1611.9,1256.0,6.36,92.1,89.9
2026-07-24T12:00:00Z,4060.2,58.74,1615.0,1262.5,6.36,91.68,89.4
2026-07-24T13:00:00Z,4058.5,58.69,1608.8,1258.5,6.34,97.29,89.39
2026-07-24T14:00:00Z,4070.0,58.64,1592.8,1252.5,6.34,97.53,89.93
2026-07-24T15:00:00Z,4066.2,58.78,1596.5,1255.5,6.35,97.21,89.68
2026-07-24T16:00:00Z,4079.9,59.17,1609.1,1263.5,6.37,96.05,88.4
2026-07-24T17:00:00Z,4069.5,58.92,1606.3,1254.0,6.36,95.92,88.39
2026-07-24T18:00:00Z,4065.8,58.83,1605.7,1252.5,6.35,96.36,89.07
2026-07-24T19:00:00Z,4056.7,58.58,1598.9,1245.5,6.34,96.71,89.37
2026-07-24T20:00:00Z,4056.1,58.49,1600.7,1245.5,6.34,97.39,89.77
2026-07-24T21:00:00Z,4070.8,58.91,1604.1,1253.6,6.36,96.78,89.31
2026-07-26T23:00:00Z,4092.2,59.97,1624.6,1271.5,6.36,91.93,84.82
2026-07-27T00:00:00Z,4096.9,59.96,1625.3,1276.5,6.37,91.96,84.63
2026-07-27T01:00:00Z,4102.6,59.88,1628.3,1273.5,6.36,92.0,84.79
2026-07-27T02:00:00Z,4112.0,60.1,1639.0,1279.5,6.39,92.75,85.28
2026-07-27T03:00:00Z,4095.7,59.63,1626.0,1272.0,6.35,93.1,85.58
2026-07-27T04:00:00Z,4092.5,59.6,1628.7,1272.0,6.35,92.87,85.21
2026-07-27T05:00:00Z,4091.7,59.59,1630.5,1269.0,6.34,92.17,84.84
2026-07-27T06:00:00Z,4095.3,59.72,1633.6,1275.5,6.36,91.8,84.58
2026-07-27T07:00:00Z,4098.4,59.72,1639.7,1282.0,6.36,89.94,83.47
2026-07-27T08:00:00Z,4090.7,59.49,1642.3,1287.5,6.36,91.22,84.59
2026-07-27T09:00:00Z,4097.7,59.69,1644.6,1286.0,6.39,88.95,82.95
2026-07-27T10:00:00Z,4098.9,59.56,1648.6,1291.5,6.39,87.75,82.34
2026-07-27T11:00:00Z,4102.1,59.54,1650.7,1288.5,6.4,89.19,83.27
2026-07-27T12:00:00Z,4095.9,59.35,1644.6,1284.5,6.4,89.51,83.35
2026-07-27T13:00:00Z,4085.2,59.22,1636.7,1287.0,6.39,90.64,84.02
2026-07-27T14:00:00Z,4075.8,58.83,1630.4,1286.0,6.39,90.79,84.22
2026-07-27T15:00:00Z,4078.4,58.97,1630.4,1289.5,6.39,90.03,83.57
2026-07-27T16:00:00Z,4080.6,58.91,1634.5,1297.5,6.38,89.81,83.39
2026-07-27T17:00:00Z,4084.1,58.94,1635.2,1297.0,6.38,89.22,82.84
2026-07-27T18:00:00Z,4078.2,58.77,1632.2,1293.0,6.39,88.66,82.62
2026-07-27T19:00:00Z,4079.8,58.64,1631.1,1291.0,6.4,88.0,82.13
2026-07-27T20:00:00Z,4085.5,58.82,1633.6,1293.0,6.41,87.75,81.93
2026-07-27T21:00:00Z,4078.6,58.69,1631.1,1290.0,6.4,87.68,81.91
2026-07-27T23:00:00Z,4075.1,58.65,1628.3,1292.5,6.39,87.76,82.11
2026-07-28T00:00:00Z,4074.4,58.65,1626.7,1288.5,6.39,88.0,82.05
2026-07-28T01:00:00Z,4058.5,58.02,1619.9,1278.0,6.36,88.0,82.11
2026-07-28T02:00:00Z,4045.7,57.49,1611.6,1273.0,6.34,87.72,81.63
2026-07-28T03:00:00Z,4042.3,57.46,1610.3,1273.5,6.34,86.51,80.82
2026-07-28T04:00:00Z,4049.6,57.58,1613.6,1275.0,6.37,87.18,81.56
2026-07-28T05:00:00Z,4042.1,57.4,1610.1,1274.0,6.35,87.19,81.63
2026-07-28T06:00:00Z,4045.2,57.33,1608.7,1271.5,6.33,87.74,82.15
2026-07-28T07:00:00Z,4048.7,57.64,1613.0,1276.0,6.34,86.07,80.81
2026-07-28T08:00:00Z,4047.3,57.7,1610.8,1277.5,6.33,85.78,80.78
2026-07-28T09:00:00Z,4045.7,57.77,1618.5,1274.5,6.34,85.36,80.2
2026-07-28T10:00:00Z,4023.3,57.4,1600.3,1253.5,6.32,85.91,80.62
2026-07-28T11:00:00Z,4025.6,57.38,1599.1,1255.5,6.32,86.43,81.17
2026-07-28T12:00:00Z,4027.8,57.55,1594.9,1256.5,6.31,87.09,81.72
2026-07-28T13:00:00Z,4029.4,57.53,1611.9,1268.5,6.32,86.11,80.79
2026-07-28T14:00:00Z,4021.4,57.08,1598.0,1256.0,6.31,87.01,81.45
2026-07-28T15:00:00Z,4023.8,57.24,1610.6,1262.5,6.33,86.73,81.45
2026-07-28T16:00:00Z,4046.5,57.66,1626.8,1276.0,6.37,83.57,78.36
2026-07-28T17:00:00Z,4037.6,57.56,1624.3,1274.0,6.36,83.57,78.66
2026-07-28T18:00:00Z,4028.0,57.35,1616.5,1267.5,6.34,84.42,79.44
2026-07-28T19:00:00Z,4023.1,57.34,1614.7,1268.0,6.33,84.03,79.21
2026-07-28T20:00:00Z,4025.9,57.4,1614.2,1266.5,6.34,83.86,79.12
2026-07-28T21:00:00Z,4028.8,57.33,1613.7,1265.0,6.34,83.76,79.13
2026-07-28T23:00:00Z,4017.9,57.19,1609.4,1263.5,6.34,87.46,82.63
2026-07-29T00:00:00Z,4024.3,57.46,1614.7,1266.5,6.34,86.61,81.89
2026-07-29T01:00:00Z,4021.3,57.38,1616.1,1272.0,6.34,87.45,82.46
2026-07-29T02:00:00Z,4025.0,57.7,1606.9,1261.5,6.32,87.81,82.76
2026-07-29T03:00:00Z,4028.3,57.87,1610.5,1266.0,6.32,87.21,82.31
2026-07-29T04:00:00Z,4021.5,57.58,1599.5,1258.0,6.29,87.81,82.71
2026-07-29T05:00:00Z,4025.4,57.69,1602.5,1261.5,6.29,87.25,82.04
2026-07-29T06:00:00Z,4031.3,57.99,1606.5,1264.5,6.33,87.24,82.24
2026-07-29T07:00:00Z,4039.8,58.36,1610.1,1268.0,6.34,87.14,82.1
2026-07-29T08:00:00Z,4102.6,58.33,1616.1,1267.0,6.34,87.3,82.02
2026-07-29T09:00:00Z,4096.5,58.12,1605.0,1263.0,6.32,87.04,81.88
2026-07-29T10:00:00Z,4091.9,57.96,1599.8,1257.0,6.32,87.27,82.11
2026-07-29T11:00:00Z,4086.1,57.63,1594.3,1255.0,6.31,88.54,83.18
2026-07-29T12:00:00Z,4091.5,57.85,1602.2,1256.0,6.32,88.02,82.53
2026-07-29T13:00:00Z,4080.9,57.49,1601.6,1255.0,6.31,89.79,84.54
2026-07-29T14:00:00Z,4064.8,57.19,1594.3,1249.0,6.31,90.1,84.85
2026-07-29T15:00:00Z,4063.2,57.21,1588.4,1244.5,6.29,90.86,85.36
2026-07-29T16:00:00Z,4068.5,57.22,1592.4,1248.5,6.3,90.72,84.99
2026-07-29T17:00:00Z,4086.1,57.94,1600.0,1251.5,6.31,90.51,84.59
2026-07-29T18:00:00Z,4102.9,58.15,1607.0,1256.0,6.33,90.51,84.59
2026-07-29T19:00:00Z,4166.8,59.32,1644.9,1285.0,6.42,90.61,84.45
2026-07-29T20:00:00Z,4104.7,57.53,1618.5,1262.5,6.34,90.8,84.89
2026-07-29T21:00:00Z,4126.0,57.9,1622.5,1259.0,6.35,90.54,84.6
2026-07-29T23:00:00Z,4146.3,58.51,1633.5,1275.0,6.38,90.4,84.43
2026-07-30T00:00:00Z,4142.0,58.44,1628.7,1272.0,6.38,90.29,84.2
2026-07-30T01:00:00Z,4129.7,58.17,1623.7,1269.5,6.37,90.48,84.53
2026-07-30T02:00:00Z,4142.4,58.62,1622.9,1273.0,6.42,89.79,83.8
2026-07-30T03:00:00Z,4121.4,57.96,1610.0,1263.0,6.39,89.27,83.43
2026-07-30T04:00:00Z,4114.1,57.73,1607.2,1260.5,6.37,89.5,83.65
2026-07-30T05:00:00Z,4102.5,57.41,1600.2,1254.0,6.35,90.1,84.05
2026-07-30T06:00:00Z,4090.4,57.28,1597.0,1252.0,6.37,91.92,85.22
2026-07-30T07:00:00Z,4093.8,57.38,1595.0,1252.0,6.36,92.93,85.31
2026-07-30T08:00:00Z,4096.1,57.17,1599.7,1255.5,6.36,92.34,85.17
2026-07-30T09:00:00Z,4119.2,57.83,1610.4,1268.0,6.42,91.4,84.76
2026-07-30T10:00:00Z,4121.5,57.98,1619.3,1278.5,6.44,90.97,84.46
2026-07-30T11:00:00Z,4136.4,58.28,1624.6,1283.0,6.43,89.76,83.74
2026-07-30T12:00:00Z,4136.0,58.34,1628.8,1284.5,6.45,89.74,83.54
2026-07-30T13:00:00Z,4127.4,58.24,1623.0,1284.0,6.44,90.41,84.48
2026-07-30T14:00:00Z,4172.0,58.77,1650.7,1300.5,6.49,89.66,83.76
2026-07-30T15:00:00Z,4159.1,58.59,1636.8,1286.5,6.45,89.92,84.21
2026-07-30T16:00:00Z,4167.0,58.85,1662.0,1308.0,6.47,89.7,84.07
2026-07-30T17:00:00Z,4169.8,58.96,1662.1,1309.0,6.48,89.72,84.09
2026-07-30T18:00:00Z,4161.5,59.0,1661.5,1307.0,6.47,89.37,84.08
2026-07-30T19:00:00Z,4158.8,59.08,1664.2,1308.0,6.49,88.99,83.52
2026-07-30T20:00:00Z,4171.2,59.45,1671.1,1319.5,6.5,88.91,83.65
2026-07-30T21:00:00Z,4162.8,59.26,1669.5,1321.5,6.5,89.45,83.96
2026-07-30T23:00:00Z,4167.4,59.3,1668.4,1319.5,6.5,,84.06
2026-07-31T00:00:00Z,4164.4,59.32,1666.0,1320.0,6.5,89.38,84.06
2026-07-31T01:00:00Z,4153.5,59.13,1660.1,1313.5,6.5,89.37,83.55
2026-07-31T02:00:00Z,4142.5,58.93,1644.5,1303.5,6.49,88.0,82.47
2026-07-31T03:00:00Z,4134.1,58.74,1643.6,1300.0,6.49,88.1,82.27
2026-07-31T04:00:00Z,4133.1,58.62,1644.5,1302.0,6.5,88.05,82.36
2026-07-31T05:00:00Z,4137.6,58.88,1648.3,1305.0,6.51,87.8,81.66
2026-07-31T06:00:00Z,4132.1,58.58,1641.2,1298.0,6.51,87.0,81.69
2026-07-31T07:00:00Z,4135.4,58.51,1644.6,1304.0,6.5,87.58,82.03
2026-07-31T08:00:00Z,4125.1,58.45,1648.3,1303.0,6.52,88.3,82.18
2026-07-31T09:00:00Z,4117.6,58.42,1642.5,1294.5,6.52,88.1,82.59
2026-07-31T10:00:00Z,4111.3,58.19,1636.1,1291.5,6.49,89.45,83.71
2026-07-31T11:00:00Z,4110.8,58.1,1643.3,1293.0,6.49,89.79,84.3
2026-07-31T12:00:00Z,4110.0,58.05,1640.0,1289.0,6.48,90.24,84.86
2026-07-31T13:00:00Z,4096.8,57.86,1647.5,1290.5,6.48,90.58,85.89
2026-07-31T14:00:00Z,4081.5,57.4,1631.1,1268.0,6.45,90.2,85.52
2026-07-31T15:00:00Z,4105.6,57.71,1655.1,1283.5,6.49,90.04,85.79
2026-07-31T16:00:00Z,4101.8,57.69,1659.9,1286.0,6.49,89.87,84.07
2026-07-31T17:00:00Z,4099.3,57.67,1653.8,1281.0,6.47,89.92,84.7
2026-07-31T18:00:00Z,4109.8,58.08,1665.2,1288.5,6.49,90.01,84.7
2026-07-31T19:00:00Z,4106.6,58.13,1668.6,1289.5,6.53,90.12,84.61
2026-07-31T20:00:00Z,4107.7,58.14,1664.3,1283.5,6.54,,84.77
2026-07-31T21:00:00Z,4107.0,57.79,1658.7,1281.4,6.47,,84.67
2026-08-02T23:00:00Z,4119.9,58.56,1669.8,1296.5,6.54,,81.24
2026-08-03T00:00:00Z,4130.4,58.52,1670.0,1295.5,6.54,,80.71
2026-08-03T01:00:00Z,4112.8,58.17,1661.4,1291.0,6.53,,80.62
2026-08-03T02:00:00Z,4112.7,58.41,1661.6,1298.0,6.53,,80.11
2026-08-03T03:00:00Z,4117.8,58.35,1661.6,1294.0,6.54,,79.7
2026-08-03T04:00:00Z,4120.0,58.4,1657.0,1294.0,6.53,,79.79
2026-08-03T05:00:00Z,4119.2,58.49,1658.7,1294.5,6.55,,79.52
2026-08-03T06:00:00Z,4124.2,58.35,1664.2,1297.5,6.55,,79.64
2026-08-03T07:00:00Z,4118.9,58.31,1659.5,1289.0,6.56,,79.1
2026-08-03T08:00:00Z,4117.1,58.49,1665.8,1288.0,6.57,83.6,79.67
2026-08-03T09:00:00Z,4115.0,58.53,1665.0,1285.5,6.54,84.09,80.27
2026-08-03T10:00:00Z,4111.6,58.41,1659.4,1283.0,6.53,84.03,80.05
2026-08-03T11:00:00Z,4105.4,58.16,1647.7,1277.0,6.51,83.55,79.5
2026-08-03T12:00:00Z,4118.9,58.19,1654.7,1277.0,6.51,82.89,79.04
2026-08-03T13:00:00Z,4103.4,57.65,1632.2,1258.5,6.47,82.94,79.02
2026-08-03T14:00:00Z,4087.2,57.29,1625.7,1250.0,6.48,83.19,79.13
2026-08-03T15:00:00Z,4091.6,57.48,1630.6,1257.0,6.5,83.77,79.67
2026-08-03T16:00:00Z,4091.6,57.62,1631.2,1258.0,6.52,83.83,79.64
2026-08-03T17:00:00Z,4092.4,57.85,1629.5,1256.0,6.54,83.5,79.58
2026-08-03T18:00:00Z,4086.4,57.83,1625.3,1255.0,6.53,83.62,80.01
2026-08-03T19:00:00Z,4099.6,58.11,1631.7,1255.0,6.54,83.87,80.39
2026-08-03T20:00:00Z,4108.2,58.27,1635.4,1260.5,6.55,83.68,80.13
2026-08-03T21:00:00Z,4110.9,58.4,1639.7,1265.5,6.54,83.51,80.06
2026-08-03T23:00:00Z,4108.6,58.35,1637.6,1262.5,6.55,83.7,80.08
2026-08-04T00:00:00Z,4109.3,58.46,1640.8,1266.0,6.55,83.85,80.24
2026-08-04T01:00:00Z,4104.9,58.34,1638.4,1265.0,6.54,84.52,81.01
2026-08-04T02:00:00Z,4114.8,58.89,1654.6,1271.5,6.57,84.52,80.98
2026-08-04T03:00:00Z,4114.6,58.87,1654.3,1280.0,6.57,84.82,81.18
2026-08-04T04:00:00Z,4108.2,58.91,1654.2,1278.5,6.6,85.04,81.19
2026-08-04T05:00:00Z,4119.3,59.19,1657.6,1281.0,6.61,85.03,81.23
2026-08-04T06:00:00Z,4117.3,59.21,1657.3,1280.5,6.61,84.75,80.9
2026-08-04T07:00:00Z,4119.3,59.15,1658.7,1279.5,6.59,84.46,80.45
2026-08-04T08:00:00Z,4121.8,59.21,1671.7,1292.5,6.62,84.87,80.74
2026-08-04T09:00:00Z,4110.8,58.97,1665.0,1284.5,6.63,86.16,82.1
2026-08-04T10:00:00Z,4105.1,58.97,1668.0,1287.0,6.62,85.87,81.85
2026-08-04T11:00:00Z,4109.8,59.01,1678.6,1292.0,6.64,84.66,80.83
2026-08-04T12:00:00Z,4132.1,59.68,1728.8,1305.5,6.66,80.54,76.67
2026-08-04T13:00:00Z,4127.8,60.09,1738.7,1334.5,6.64,81.43,77.51
2026-08-04T14:00:00Z,4140.7,59.93,1743.2,1340.5,6.65,79.8,75.97
2026-08-04T15:00:00Z,4140.4,59.76,1751.7,1346.0,6.66,80.54,76.9
2026-08-04T16:00:00Z,4144.2,59.94,1752.5,1348.5,6.66,79.2,75.74
2026-08-04T17:00:00Z,4150.4,60.06,1757.0,1358.5,6.64,79.68,76.2
2026-08-04T18:00:00Z,4143.1,60.03,1757.0,1357.5,6.64,79.38,75.89
2026-08-04T19:00:00Z,4136.8,59.84,1750.0,1355.5,6.63,79.41,75.8
2026-08-04T20:00:00Z,4135.3,59.79,1747.7,1352.0,6.63,79.35,75.79
2026-08-04T21:00:00Z,4134.2,59.75,1746.8,1350.5,6.63,78.69,75.14
2026-08-04T23:00:00Z,4132.5,59.71,1744.9,1353.0,6.63,78.95,75.35
2026-08-05T00:00:00Z,4128.7,59.67,1744.5,1351.0,6.62,78.79,75.23
2026-08-05T01:00:00Z,4138.2,59.94,1744.2,1347.5,6.63,79.12,75.39
2026-08-05T02:00:00Z,4157.2,60.12,1752.2,1357.5,6.63,79.74,75.98
2026-08-05T03:00:00Z,4186.2,60.92,1773.6,1370.0,6.65,78.56,74.74
2026-08-05T04:00:00Z,4186.6,61.03,1770.3,1367.5,6.64,78.36,74.58
2026-08-05T05:00:00Z,4193.4,61.03,1767.7,1364.5,6.65,78.94,75.15
2026-08-05T06:00:00Z,4222.2,61.69,1775.7,1374.0,6.67,78.78,75.04
2026-08-05T07:00:00Z,4237.1,62.1,1795.3,1392.5,6.66,78.97,75.02
2026-08-05T08:00:00Z,4229.9,62.12,1788.2,1392.5,6.66,80.07,76.01
2026-08-05T09:00:00Z,4219.7,61.71,1759.7,1373.0,6.63,80.37,76.24
2026-08-05T10:00:00Z,4216.9,61.71,1764.6,1378.0,6.65,80.73,76.51
2026-08-05T11:00:00Z,4220.4,61.51,1762.7,1376.5,6.64,80.53,76.23
2026-08-05T12:00:00Z,4248.5,62.22,1774.4,1387.0,6.67,80.07,76.06
2026-08-05T13:00:00Z,4244.1,61.74,1738.4,1360.0,6.68,80.65,76.52
2026-08-05T14:00:00Z,4265.8,62.62,1746.9,1370.0,6.68,79.58,75.5
2026-08-05T15:00:00Z,4304.3,62.51,1744.6,1373.0,6.68,79.0,75.14
2026-08-05T16:00:00Z,4293.0,62.14,1739.5,1365.5,6.69,79.55,75.59
2026-08-05T17:00:00Z,4302.8,62.31,1741.3,1371.5,6.73,79.02,74.91
2026-08-05T18:00:00Z,4311.0,62.41,1752.3,1376.0,6.74,79.12,74.87
2026-08-05T19:00:00Z,4321.2,62.44,1749.6,1372.5,6.75,79.56,75.33
2026-08-05T20:00:00Z,4307.6,62.26,1746.6,1372.0,6.74,79.43,75.18
2026-08-05T21:00:00Z,4308.0,62.26,1746.9,1369.0,6.75,79.4,75.06
2026-08-05T22:00:00Z,,,,,,,75.08
2026-08-05T23:00:00Z,4309.5,62.24,1747.7,1372.5,6.75,79.41,75.05
2026-08-06T00:00:00Z,4337.3,62.42,1760.6,1378.0,6.75,79.22,74.87
2026-08-06T01:00:00Z,4354.7,62.88,1771.8,1388.0,6.74,79.27,74.95
2026-08-06T02:00:00Z,4346.9,62.47,1781.9,1387.0,6.73,80.03,75.76
2026-08-06T03:00:00Z,4337.8,62.52,1772.3,1379.0,6.74,79.82,75.48
2026-08-06T04:00:00Z,4324.9,62.31,1765.9,1376.5,6.71,79.37,74.99
2026-08-06T05:00:00Z,4321.4,62.35,1763.3,1372.5,6.72,,74.81
2026-08-06T06:00:00Z,4326.0,62.36,1769.0,1377.5,6.72,,74.87
2026-08-06T07:00:00Z,4314.7,61.87,1756.3,1374.0,6.7,,75.27
2026-08-06T08:00:00Z,4321.7,62.15,1758.6,1377.0,6.71,,75.42
2026-08-06T09:00:00Z,4337.1,62.33,1771.1,1389.0,6.78,,75.17
2026-08-06T10:00:00Z,4332.6,62.15,1770.1,1390.0,6.84,,75.14
2026-08-06T11:00:00Z,4330.0,62.0,1763.3,1385.0,6.8,,75.89
2026-08-06T12:00:00Z,4322.6,62.08,1768.8,1390.0,6.79,,75.69
2026-08-06T13:00:00Z,4308.6,61.5,1742.9,1378.0,6.75,,76.22
2026-08-06T14:00:00Z,4325.9,61.86,1735.2,1372.0,6.72,,76.12
2026-08-06T15:00:00Z,4332.2,61.92,1757.7,1391.0,6.75,,76.58
2026-08-06T16:00:00Z,4291.5,61.33,1732.1,1373.5,6.68,,77.75
2026-08-06T17:00:00Z,4299.4,61.58,1738.4,1377.5,6.71,,77.88
2026-08-06T18:00:00Z,4305.8,61.72,1738.9,1374.0,6.72,,77.31
2026-08-06T19:00:00Z,4302.2,61.73,1737.8,1372.0,6.73,,77.4
2026-08-06T20:00:00Z,4307.8,62.03,1739.3,1376.0,6.73,,77.72
2026-08-06T21:00:00Z,4298.7,61.78,1735.6,1376.0,6.72,83.55,78.23
2026-08-06T23:00:00Z,4298.3,61.76,1734.6,1376.0,6.72,83.33,78.11
2026-08-07T00:00:00Z,4311.0,61.93,1741.0,1378.5,6.73,83.27,77.99
2026-08-07T01:00:00Z,4291.2,61.47,1733.0,1368.0,6.71,83.28,77.94
2026-08-07T02:00:00Z,4314.7,62.36,1753.0,1375.5,6.74,83.21,77.92
2026-08-07T03:00:00Z,4309.1,62.28,1749.0,1372.5,6.73,83.38,78.0
2026-08-07T04:00:00Z,4322.8,62.58,1749.9,1374.5,6.75,83.45,78.05
2026-08-07T05:00:00Z,4324.1,62.53,1750.2,1371.5,6.73,83.79,78.32
2026-08-07T06:00:00Z,4337.7,62.95,1762.7,1383.0,6.74,83.59,78.06
2026-08-07T07:00:00Z,4356.3,64.03,1768.5,1386.5,6.75,83.38,77.87
2026-08-07T08:00:00Z,4348.9,64.14,1770.0,1389.0,6.73,83.28,77.76
2026-08-07T09:00:00Z,4365.4,64.61,1782.0,1405.5,6.71,83.1,77.74
2026-08-07T10:00:00Z,4375.6,64.75,1793.1,1405.5,6.69,82.33,77.25
2026-08-07T11:00:00Z,4376.4,64.61,1779.1,1388.5,6.68,81.89,76.82
2026-08-07T12:00:00Z,4380.8,64.41,1766.0,1386.5,6.64,81.85,76.74
2026-08-07T13:00:00Z,4421.9,65.04,1773.5,1387.0,6.68,81.67,76.74
2026-08-07T14:00:00Z,4408.3,64.15,1757.6,1378.5,6.62,82.3,77.34
2026-08-07T15:00:00Z,4401.3,63.6,1755.0,1378.5,6.6,83.13,78.09
2026-08-07T16:00:00Z,4400.4,63.56,1757.1,1376.5,6.61,83.75,78.4
2026-08-07T17:00:00Z,4389.5,63.38,1754.7,1379.0,6.59,83.62,78.36
2026-08-07T18:00:00Z,4400.0,63.58,1762.7,1386.5,6.6,83.43,78.08
2026-08-07T19:00:00Z,4395.6,63.53,1762.8,1384.5,6.6,83.42,78.11
2026-08-07T20:00:00Z,4403.1,63.83,1760.2,1384.0,6.59,82.1,77.03
2026-08-07T21:00:00Z,4399.7,63.5,1759.6,1378.3,6.59,83.55,78.18
2026-08-09T23:00:00Z,4400.2,63.85,1756.8,1380.0,6.61,84.4,78.85
2026-08-10T00:00:00Z,4392.0,63.74,1749.9,1372.5,6.59,84.4,78.77
2026-08-10T01:00:00Z,4391.3,63.6,1752.5,1371.5,6.6,84.26,78.66
2026-08-10T02:00:00Z,4383.0,63.65,1755.8,1367.0,6.61,84.51,78.88
2026-08-10T03:00:00Z,4380.0,63.58,1757.9,1368.5,6.59,84.53,78.82
2026-08-10T04:00:00Z,4387.8,63.81,1762.4,1372.0,6.59,84.4,78.81
2026-08-10T05:00:00Z,4399.5,64.04,1764.3,1371.5,6.6,83.99,78.45
2026-08-10T06:00:00Z,4407.0,64.35,1775.9,1382.0,6.63,83.4,77.83
2026-08-10T07:00:00Z,4417.8,64.44,1770.1,1382.0,6.64,83.38,77.93
2026-08-10T08:00:00Z,4414.7,64.5,1760.3,1370.5,6.65,83.75,78.2
2026-08-10T09:00:00Z,4405.6,64.35,1752.4,1366.0,6.63,84.75,79.13
2026-08-10T10:00:00Z,4400.1,64.26,1750.9,1364.5,6.62,84.54,79.02
2026-08-10T11:00:00Z,4395.2,64.11,1747.2,1363.0,6.62,84.95,79.47
2026-08-10T12:00:00Z,4393.9,64.25,1751.0,1362.5,6.62,84.93,79.57
2026-08-10T13:00:00Z,4391.6,64.06,1752.8,1368.5,6.61,85.18,79.73
2026-08-10T14:00:00Z,4376.3,63.85,1731.2,1357.0,6.59,86.27,80.86
2026-08-10T15:00:00Z,4405.2,64.94,1746.5,1369.5,6.63,86.22,80.8
2026-08-10T16:00:00Z,4417.9,65.26,1755.5,1377.0,6.64,86.59,81.03
2026-08-10T17:00:00Z,4416.3,65.12,1754.2,1382.5,6.62,87.05,81.41
2026-08-10T18:00:00Z,4419.2,65.31,1749.1,1379.0,6.61,87.54,81.95
2026-08-10T19:00:00Z,4437.7,65.8,1760.2,1386.5,6.63,87.38,81.9
2026-08-10T20:00:00Z,4446.8,65.91,1763.4,1387.5,6.63,87.64,82.14
2026-08-10T21:00:00Z,4448.6,65.88,1764.1,1388.5,6.64,87.85,82.3
2026-08-10T23:00:00Z,4459.0,66.0,1766.1,1390.0,6.63,87.68,82.13
2026-08-11T00:00:00Z,4462.1,65.99,1764.2,1388.0,6.63,87.63,82.12
2026-08-11T01:00:00Z,4468.5,65.99,1774.6,1398.5,6.64,87.76,82.21
2026-08-11T02:00:00Z,4489.2,66.49,1782.4,1406.0,6.66,87.94,82.41
2026-08-11T03:00:00Z,4470.8,65.89,1764.4,1390.5,6.65,87.94,82.34
2026-08-11T04:00:00Z,4477.0,65.96,1769.9,1393.5,6.65,87.68,82.12
2026-08-11T05:00:00Z,4468.7,65.76,1768.2,1390.5,6.65,87.79,82.24
2026-08-11T06:00:00Z,4435.2,65.01,1753.4,1378.5,6.63,87.95,82.47
2026-08-11T07:00:00Z,4425.3,64.71,1750.5,1378.0,6.64,89.07,83.46
2026-08-11T08:00:00Z,4416.6,64.64,1748.5,1373.5,6.64,89.61,83.96
2026-08-11T09:00:00Z,4428.1,64.89,1764.6,1382.5,6.67,89.95,84.53
2026-08-11T10:00:00Z,4431.4,65.08,1779.2,1386.5,6.67,89.76,84.23
2026-08-11T11:00:00Z,4441.2,65.29,1777.9,1382.0,6.68,88.9,83.49
2026-08-11T12:00:00Z,4446.1,65.36,1780.9,1387.5,6.67,87.57,82.16
2026-08-11T13:00:00Z,4450.6,65.01,1762.3,1373.5,6.65,88.04,82.56
2026-08-11T14:00:00Z,4448.2,65.05,1763.5,1373.5,6.65,87.1,81.62
2026-08-11T15:00:00Z,4453.6,65.17,1759.0,1373.5,6.66,88.3,82.57
2026-08-11T16:00:00Z,4443.2,65.12,1756.2,1372.0,6.64,88.83,83.26
2026-08-11T17:00:00Z,4443.1,65.08,1753.1,1369.5,6.63,88.63,83.14
2026-08-11T18:00:00Z,4428.3,64.72,1750.0,1368.5,6.64,88.89,83.29
2026-08-11T19:00:00Z,4430.4,64.89,1749.7,1364.5,6.63,88.83,83.16
2026-08-11T20:00:00Z,4429.7,64.93,1753.0,1367.5,6.63,89.13,83.42
2026-08-11T21:00:00Z,4427.8,64.85,1754.1,1367.5,6.63,88.95,83.23
2026-08-11T22:00:00Z,,64.86,,,,,
2026-08-11T23:00:00Z,4427.9,64.93,1754.4,1367.0,6.64,89.3,83.5
2026-08-12T00:00:00Z,4430.4,64.94,1755.3,1367.5,6.64,89.09,83.43
2026-08-12T01:00:00Z,4440.2,65.07,1754.5,1368.5,6.64,89.49,83.78
2026-08-12T02:00:00Z,4456.2,65.3,1762.0,1372.5,6.64,89.4,83.76
2026-08-12T03:00:00Z,4470.8,65.6,1770.2,1375.5,6.65,89.7,84.06
2026-08-12T04:00:00Z,4461.8,65.56,1765.0,1373.0,6.66,89.98,84.25
2026-08-12T05:00:00Z,4461.0,65.52,1764.7,1374.5,6.66,89.4,83.7
2026-08-12T06:00:00Z,4451.0,65.47,1765.9,1372.5,6.65,89.75,84.03
2026-08-12T07:00:00Z,4463.2,66.12,1769.9,1373.0,6.67,89.42,83.74
2026-08-12T08:00:00Z,4465.9,66.23,1768.4,1374.0,6.68,89.58,83.84
2026-08-12T09:00:00Z,4460.6,66.32,1763.9,1370.0,6.68,89.29,83.58
2026-08-12T10:00:00Z,4475.4,66.61,1780.7,1388.5,6.69,88.72,83.0
2026-08-12T11:00:00Z,4472.0,66.45,1783.8,1391.0,6.68,89.0,83.4
2026-08-12T12:00:00Z,4472.4,66.51,1807.7,1407.5,6.68,89.23,83.74
2026-08-12T13:00:00Z,4498.2,66.74,1792.8,1397.5,6.7,88.52,82.99
2026-08-12T14:00:00Z,4487.4,66.31,1790.6,1388.0,6.66,88.48,82.67
2026-08-12T15:00:00Z,4481.4,66.07,1784.3,1386.5,6.65,88.82,83.01
2026-08-12T16:00:00Z,4480.4,65.96,1781.1,1381.0,6.63,88.79,83.31
2026-08-12T17:00:00Z,4461.7,65.43,1770.8,1374.0,6.61,88.51,82.89
2026-08-12T18:00:00Z,4459.6,65.57,1769.0,1373.5,6.61,88.86,83.13
2026-08-12T19:00:00Z,4473.2,65.69,1771.2,1375.5,6.62,88.9,83.2
2026-08-12T20:00:00Z,4473.9,65.55,1767.3,1374.0,6.61,88.68,83.01
2026-08-12T21:00:00Z,4469.0,65.53,1763.4,1371.0,6.61,88.37,82.58
2026-08-12T22:00:00Z,,65.53,,,6.61,,
2026-08-12T23:00:00Z,4459.9,65.25,1759.4,1368.5,6.6,88.46,82.7
2026-08-13T00:00:00Z,4473.1,65.46,1762.5,1371.0,6.6,88.57,82.67
2026-08-13T01:00:00Z,4486.9,65.94,1771.1,1377.0,6.6,87.9,82.09
2026-08-13T02:00:00Z,4467.0,65.58,1758.7,1367.5,6.56,87.94,82.26
2026-08-13T03:00:00Z,4465.7,65.57,1757.3,1367.5,6.56,88.08,82.25
2026-08-13T04:00:00Z,4458.3,65.47,1753.4,1365.0,6.55,88.46,82.62
2026-08-13T05:00:00Z,4455.5,65.54,1752.8,1363.5,6.55,88.79,83.0
2026-08-13T06:00:00Z,4440.4,65.18,1750.7,1363.5,6.55,88.9,83.12
2026-08-13T07:00:00Z,4437.7,64.97,1748.2,1356.5,6.54,88.43,82.75
2026-08-13T08:00:00Z,4426.4,64.73,1732.7,1345.5,6.51,88.01,82.21
